Date,Open,High,Low,Close,Volume,Market Cap,Volume (adjusted)
30-Sep-17,4166.11,4358.43,4160.86,4338.71,"1,207,450,000","69,136,600,000",12074.5
29-Sep-17,4171.62,4214.63,4039.29,4163.07,"1,367,050,000","69,219,200,000",13670.5
28-Sep-17,4197.13,4279.31,4109.7,4174.73,"1,712,320,000","69,633,200,000",17123.2
27-Sep-17,3892.94,4210.05,3884.82,4200.67,"1,686,880,000","64,579,200,000",16868.8
26-Sep-17,3928.41,3969.89,3869.9,3892.35,"1,043,740,000","65,161,000,000",10437.4
25-Sep-17,3681.58,3950.25,3681.58,3926.07,"1,374,210,000","61,061,100,000",13742.1
24-Sep-17,3796.15,3796.15,3666.9,3682.84,"768,015,000","62,954,300,000",7680.15
23-Sep-17,3629.92,3819.21,3594.58,3792.4,"928,114,000","60,190,000,000",9281.14
22-Sep-17,3628.02,3758.27,3553.53,3630.7,"1,194,830,000","60,152,300,000",11948.3
21-Sep-17,3901.47,3916.42,3613.63,3631.04,"1,411,480,000","64,677,600,000",14114.8
20-Sep-17,3916.36,4031.39,3857.73,3905.95,"1,213,830,000","64,918,500,000",12138.3
19-Sep-17,4073.79,4094.07,3868.87,3924.97,"1,563,980,000","67,520,300,000",15639.8
18-Sep-17,3591.09,4079.23,3591.09,4065.2,"1,943,210,000","59,514,100,000",19432.1
17-Sep-17,3606.28,3664.81,3445.64,3582.88,"1,239,150,000","59,757,800,000",12391.5
16-Sep-17,3637.75,3808.84,3487.79,3625.04,"1,818,400,000","60,271,600,000",18184
15-Sep-17,3166.3,3733.45,2946.62,3637.52,"4,148,070,000","52,453,500,000",41480.7
14-Sep-17,3875.37,3920.6,3153.86,3154.95,"2,716,310,000","64,191,600,000",27163.1
13-Sep-17,4131.98,4131.98,3789.92,3882.59,"2,219,410,000","68,432,200,000",22194.1
12-Sep-17,4168.88,4344.65,4085.22,4130.81,"1,864,530,000","69,033,400,000",18645.3
11-Sep-17,4122.47,4261.67,4099.4,4161.27,"1,557,330,000","68,256,000,000",15573.3
10-Sep-17,4229.34,4245.44,3951.04,4122.94,"1,679,090,000","70,018,100,000",16790.9
9-Sep-17,4229.81,4308.82,4114.11,4226.06,"1,386,230,000","70,017,200,000",13862.3
8-Sep-17,4605.16,4661,4075.18,4228.75,"2,700,890,000","76,220,200,000",27008.9
7-Sep-17,4589.14,4655.04,4491.33,4599.88,"1,844,620,000","75,945,000,000",18446.2
6-Sep-17,4376.59,4617.25,4376.59,4597.12,"2,172,100,000","72,418,700,000",21721
5-Sep-17,4228.29,4427.84,3998.11,4376.53,"2,697,970,000","69,954,400,000",26979.7
4-Sep-17,4591.63,4591.63,4108.4,4236.31,"2,987,330,000","75,955,500,000",29873.3
3-Sep-17,4585.27,4714.08,4417.59,4582.96,"1,933,190,000","75,841,700,000",19331.9
2-Sep-17,4901.42,4975.04,4469.24,4578.77,"2,722,140,000","81,060,600,000",27221.4
1-Sep-17,4701.76,4892.01,4678.53,4892.01,"2,599,080,000","77,748,400,000",25990.8
31-Aug-17,4555.59,4736.05,4549.4,4703.39,"1,944,930,000","75,322,300,000",19449.3
30-Aug-17,4570.36,4626.52,4471.41,4565.3,"1,937,850,000","75,556,600,000",19378.5
29-Aug-17,4389.21,4625.68,4352.13,4579.02,"2,486,080,000","72,553,800,000",24860.8
28-Aug-17,4384.45,4403.93,4224.64,4382.66,"1,959,330,000","72,467,900,000",19593.3
27-Aug-17,4345.1,4416.59,4317.29,4382.88,"1,537,460,000","71,809,200,000",15374.6
26-Aug-17,4372.06,4379.28,4269.52,4352.4,"1,511,610,000","72,249,100,000",15116.1
25-Aug-17,4332.82,4455.7,4307.35,4371.6,"1,727,970,000","71,595,100,000",17279.7
24-Aug-17,4137.6,4376.39,4130.26,4334.68,"2,037,750,000","68,363,900,000",20377.5
23-Aug-17,4089.01,4255.78,4078.41,4151.52,"2,369,820,000","67,553,000,000",23698.2
22-Aug-17,3998.35,4128.76,3674.58,4100.52,"3,764,240,000","66,051,000,000",37642.4
21-Aug-17,4090.48,4109.14,3988.6,4001.74,"2,800,890,000","67,567,100,000",28008.9
20-Aug-17,4189.31,4196.29,4069.88,4087.66,"2,109,770,000","69,192,700,000",21097.7
19-Aug-17,4137.75,4243.26,3970.55,4193.7,"2,975,820,000","68,333,100,000",29758.2
18-Aug-17,4324.34,4370.13,4015.4,4160.62,"2,941,710,000","71,406,500,000",29417.1
17-Aug-17,4384.44,4484.7,4243.71,4331.69,"2,553,360,000","72,389,100,000",25533.6
16-Aug-17,4200.34,4381.23,3994.42,4376.63,"2,272,040,000","69,342,700,000",22720.4
15-Aug-17,4326.99,4455.97,3906.18,4181.93,"3,258,050,000","71,425,500,000",32580.5
14-Aug-17,4066.1,4325.13,3989.16,4325.13,"2,463,090,000","67,112,300,000",24630.9
13-Aug-17,3880.04,4208.39,3857.8,4073.26,"3,159,090,000","64,034,100,000",31590.9
12-Aug-17,3650.63,3949.92,3613.7,3884.71,"2,219,590,000","60,242,100,000",22195.9
11-Aug-17,3373.82,3679.72,3372.12,3650.62,"2,021,190,000","55,668,000,000",20211.9
10-Aug-17,3341.84,3453.45,3319.47,3381.28,"1,515,110,000","55,134,700,000",15151.1
9-Aug-17,3420.4,3422.76,3247.67,3342.47,"1,468,960,000","56,424,900,000",14689.6
8-Aug-17,3370.22,3484.85,3345.83,3419.94,"1,752,760,000","55,590,300,000",17527.6
7-Aug-17,3212.78,3397.68,3180.89,3378.94,"1,482,280,000","52,987,300,000",14822.8
6-Aug-17,3257.61,3293.29,3155.6,3213.94,"1,105,030,000","53,720,900,000",11050.3
5-Aug-17,2897.63,3290.01,2874.83,3252.91,"1,945,700,000","47,778,200,000",19457
4-Aug-17,2806.93,2899.33,2743.72,2895.89,"1,002,120,000","46,276,200,000",10021.2
3-Aug-17,2709.56,2813.31,2685.14,2804.73,"804,797,000","44,666,400,000",8047.97
2-Aug-17,2727.13,2762.53,2668.59,2710.67,"1,094,950,000","44,950,800,000",10949.5
1-Aug-17,2871.3,2921.35,2685.61,2718.26,"1,324,670,000","47,321,800,000",13246.7
31-Jul-17,2763.24,2889.62,2720.61,2875.34,"860,575,000","45,535,800,000",8605.75
30-Jul-17,2724.39,2758.53,2644.85,2757.18,"705,943,000","44,890,700,000",7059.43
29-Jul-17,2807.02,2808.76,2692.8,2726.45,"803,746,000","46,246,700,000",8037.46
28-Jul-17,2679.73,2897.45,2679.73,2809.01,"1,380,100,000","44,144,400,000",13801
27-Jul-17,2538.71,2693.32,2529.34,2671.78,"789,104,000","41,816,500,000",7891.04
26-Jul-17,2577.77,2610.76,2450.8,2529.45,"937,404,000","42,455,000,000",9374.04
25-Jul-17,2757.5,2768.08,2480.96,2576.48,"1,460,090,000","45,410,100,000",14600.9
24-Jul-17,2732.7,2777.26,2699.19,2754.86,"866,474,000","44,995,600,000",8664.74
23-Jul-17,2808.1,2832.18,2653.94,2730.4,"1,072,840,000","46,231,100,000",10728.4
22-Jul-17,2668.63,2862.42,2657.71,2810.12,"1,177,130,000","43,929,600,000",11771.3
21-Jul-17,2838.41,2838.41,2621.85,2667.76,"1,489,450,000","46,719,000,000",14894.5
20-Jul-17,2269.89,2900.7,2269.89,2817.6,"2,249,260,000","37,356,800,000",22492.6
19-Jul-17,2323.08,2397.17,2260.23,2273.43,"1,245,100,000","38,227,800,000",12451
18-Jul-17,2233.52,2387.61,2164.77,2318.88,"1,512,450,000","36,749,400,000",15124.5
17-Jul-17,1932.62,2230.49,1932.62,2228.41,"1,201,760,000","31,795,000,000",12017.6
16-Jul-17,1991.98,2058.77,1843.03,1929.82,"1,182,870,000","32,767,600,000",11828.7
15-Jul-17,2230.12,2231.14,1990.41,1998.86,"993,608,000","36,681,300,000",9936.08
14-Jul-17,2360.59,2363.25,2183.22,2233.34,"882,503,000","38,823,100,000",8825.03
13-Jul-17,2402.7,2425.22,2340.83,2357.9,"835,770,000","39,511,000,000",8357.7
12-Jul-17,2332.77,2423.71,2275.14,2398.84,"1,117,410,000","38,355,900,000",11174.1
11-Jul-17,2385.89,2413.47,2296.81,2337.79,"1,329,760,000","39,224,200,000",13297.6
10-Jul-17,2525.25,2537.16,2321.13,2372.56,"1,111,200,000","41,509,000,000",11112
9-Jul-17,2572.61,2635.49,2517.59,2518.44,"527,856,000","42,283,200,000",5278.56
8-Jul-17,2520.27,2571.34,2492.31,2571.34,"733,330,000","41,417,700,000",7333.3
7-Jul-17,2608.59,2916.14,2498.87,2518.66,"917,412,000","42,864,200,000",9174.12
6-Jul-17,2608.1,2616.72,2581.69,2608.56,"761,957,000","42,851,400,000",7619.57
5-Jul-17,2602.87,2622.65,2538.55,2601.99,"941,566,000","42,760,800,000",9415.66
4-Jul-17,2561,2631.59,2559.35,2601.64,"985,516,000","42,067,900,000",9855.16
3-Jul-17,2498.56,2595,2480.47,2564.06,"964,112,000","41,037,200,000",9641.12
2-Jul-17,2436.4,2514.28,2394.84,2506.47,"803,747,000","40,010,500,000",8037.47
1-Jul-17,2492.6,2515.27,2419.23,2434.55,"779,914,000","40,928,200,000",7799.14
30-Jun-17,2539.24,2559.25,2478.43,2480.84,"860,273,000","41,689,100,000",8602.73
29-Jun-17,2567.56,2588.83,2510.48,2539.32,"949,979,000","42,150,300,000",9499.79
28-Jun-17,2553.03,2603.98,2484.42,2574.79,"1,183,870,000","41,906,700,000",11838.7
27-Jun-17,2478.45,2552.45,2332.99,2552.45,"1,489,790,000","40,677,900,000",14897.9
26-Jun-17,2590.57,2615.25,2376.29,2478.45,"1,663,280,000","42,514,000,000",16632.8
25-Jun-17,2607.25,2682.26,2552.12,2589.41,"1,161,100,000","42,783,800,000",11611
24-Jun-17,2738.52,2757.94,2583.19,2608.72,"982,750,000","44,932,900,000",9827.5
23-Jun-17,2707.34,2765.17,2706.37,2744.91,"961,319,000","44,415,900,000",9613.19
22-Jun-17,2691.03,2723.74,2642.36,2705.41,"1,097,940,000","44,143,700,000",10979.4
21-Jun-17,2709.43,2772.01,2660.4,2689.1,"1,626,580,000","44,440,800,000",16265.8
20-Jun-17,2591.26,2763.45,2589.82,2721.79,"1,854,190,000","42,498,000,000",18541.9
19-Jun-17,2549.03,2662.85,2549.03,2589.6,"1,446,840,000","41,800,600,000",14468.4
18-Jun-17,2655.35,2662.1,2516.33,2548.29,"1,178,660,000","43,539,300,000",11786.6
17-Jun-17,2514.01,2685.19,2484.96,2655.88,"1,534,510,000","41,217,200,000",15345.1
16-Jun-17,2469.57,2539.92,2385.15,2518.56,"1,195,190,000","40,484,100,000",11951.9
15-Jun-17,2499.58,2534.71,2212.96,2464.58,"2,026,260,000","40,971,300,000",20262.6
14-Jun-17,2716.88,2786.83,2412.94,2506.37,"1,696,560,000","44,528,300,000",16965.6
13-Jun-17,2680.91,2789.04,2650.38,2717.02,"1,781,200,000","43,934,100,000",17812
12-Jun-17,2953.22,2997.26,2518.56,2659.63,"2,569,530,000","48,391,200,000",25695.3
11-Jun-17,2942.41,2996.6,2840.53,2958.11,"1,752,400,000","48,208,700,000",17524
10-Jun-17,2828.14,2950.99,2746.55,2947.71,"2,018,890,000","46,331,400,000",20188.9
9-Jun-17,2807.44,2901.71,2795.62,2823.81,"1,348,950,000","45,987,100,000",13489.5
8-Jun-17,2720.49,2815.3,2670.95,2805.62,"1,281,170,000","44,557,100,000",12811.7
7-Jun-17,2869.38,2869.38,2700.56,2732.16,"1,517,710,000","46,989,800,000",15177.1
6-Jun-17,2690.84,2999.91,2690.84,2863.2,"2,089,610,000","44,061,000,000",20896.1
5-Jun-17,2512.4,2686.81,2510.22,2686.81,"1,369,310,000","41,133,900,000",13693.1
4-Jun-17,2547.79,2585.89,2452.54,2511.81,"1,355,120,000","41,708,200,000",13551.2
3-Jun-17,2493.72,2581.91,2423.57,2515.35,"1,514,950,000","40,817,100,000",15149.5
2-Jun-17,2404.03,2488.55,2373.32,2488.55,"1,317,030,000","39,344,600,000",13170.3
1-Jun-17,2288.33,2448.39,2288.33,2407.88,"1,653,180,000","37,446,200,000",16531.8
31-May-17,2187.19,2311.08,2145.57,2286.41,"1,544,830,000","35,786,700,000",15448.3
30-May-17,2255.36,2301.96,2124.57,2175.47,"1,443,970,000","36,897,000,000",14439.7
29-May-17,2159.43,2307.05,2107.17,2255.61,"994,625,000","35,323,500,000",9946.25
28-May-17,2054.08,2267.34,2054.08,2155.8,"1,147,140,000","33,595,900,000",11471.4
27-May-17,2196.27,2260.2,1855.83,2038.87,"1,700,480,000","35,917,100,000",17004.8
26-May-17,2320.89,2573.79,2071.99,2202.42,"1,763,480,000","37,950,600,000",17634.8
25-May-17,2446.24,2763.71,2285.3,2304.98,"2,406,700,000","39,995,400,000",24067
24-May-17,2321.37,2523.72,2321.37,2443.64,"1,725,380,000","37,949,200,000",17253.8
23-May-17,2191.56,2320.82,2178.5,2320.42,"1,378,750,000","35,822,600,000",13787.5
22-May-17,2043.19,2303.9,2017.87,2173.4,"1,942,220,000","33,393,600,000",19422.2
21-May-17,2067.03,2119.08,2037.5,2041.2,"1,147,860,000","33,779,400,000",11478.6
20-May-17,1984.24,2084.73,1974.92,2084.73,"961,336,000","32,422,400,000",9613.36
19-May-17,1897.37,2004.52,1890.25,1987.71,"1,157,290,000","30,999,000,000",11572.9
18-May-17,1818.7,1904.48,1807.12,1888.65,"894,321,000","29,710,500,000",8943.21
17-May-17,1726.73,1864.05,1661.91,1839.09,"1,064,730,000","28,204,800,000",10647.3
16-May-17,1741.7,1785.94,1686.54,1734.45,"959,045,000","28,446,300,000",9590.45
15-May-17,1808.44,1812.8,1708.54,1738.43,"731,529,000","29,532,600,000",7315.29
14-May-17,1800.86,1831.42,1776.62,1808.91,"437,196,000","29,405,100,000",4371.96
13-May-17,1723.12,1812.99,1651.08,1804.91,"579,635,000","28,132,300,000",5796.35
12-May-17,1845.76,1856.15,1694.01,1724.24,"740,984,000","30,131,100,000",7409.84
11-May-17,1780.37,1873.93,1755.35,1848.57,"799,490,000","29,060,600,000",7994.9
10-May-17,1756.52,1788.44,1719.1,1787.13,"915,723,000","28,668,100,000",9157.23
9-May-17,1723.89,1833.49,1716.3,1755.36,"1,167,920,000","28,132,200,000",11679.2
8-May-17,1596.92,1723.35,1596.92,1723.35,"1,340,320,000","26,056,500,000",13403.2
7-May-17,1579.47,1596.72,1559.76,1596.71,"1,080,030,000","25,768,500,000",10800.3
6-May-17,1556.81,1578.8,1542.5,1578.8,"582,530,000","25,395,600,000",5825.3
5-May-17,1540.87,1618.03,1530.31,1555.45,"946,036,000","25,133,100,000",9460.36
4-May-17,1490.72,1608.91,1490.72,1537.67,"933,549,000","24,311,900,000",9335.49
3-May-17,1453.78,1492.77,1447.49,1490.09,"583,796,000","23,707,100,000",5837.96
2-May-17,1421.03,1473.9,1415.69,1452.82,"477,338,000","23,170,200,000",4773.38
1-May-17,1348.3,1434.32,1348.3,1421.6,"713,624,000","21,981,800,000",7136.24
30-Apr-17,1321.87,1347.91,1314.92,1347.89,"413,115,000","21,548,400,000",4131.15
29-Apr-17,1317.84,1327.2,1315.21,1321.79,"422,706,000","21,479,800,000",4227.06
28-Apr-17,1317.74,1331.28,1292.37,1316.48,"527,489,000","21,476,000,000",5274.89
27-Apr-17,1281.88,1319.7,1281.3,1317.73,"449,197,000","20,889,200,000",4491.97
26-Apr-17,1265.99,1294.83,1265.93,1281.08,"329,631,000","20,627,900,000",3296.31
25-Apr-17,1250.45,1267.58,1249.97,1265.49,"242,556,000","20,372,300,000",2425.56
24-Apr-17,1209.63,1250.94,1209.63,1250.15,"235,806,000","19,705,400,000",2358.06
23-Apr-17,1231.92,1232.2,1203.94,1207.21,"258,951,000","20,066,200,000",2589.51
22-Apr-17,1222.71,1235.56,1208.47,1231.71,"249,320,000","19,913,900,000",2493.2
21-Apr-17,1229.42,1235.94,1215.56,1222.05,"272,167,000","20,020,700,000",2721.67
20-Apr-17,1211.08,1240.79,1208.41,1229.08,"315,108,000","19,719,900,000",3151.08
19-Apr-17,1212.13,1215.51,1205.08,1210.29,"288,061,000","19,734,800,000",2880.61
18-Apr-17,1193.77,1217.57,1193.77,1211.67,"270,524,000","19,433,800,000",2705.24
17-Apr-17,1183.25,1194.9,1172.65,1193.91,"253,206,000","19,260,500,000",2532.06
16-Apr-17,1172.61,1187.22,1172.61,1182.94,"183,231,000","19,085,100,000",1832.31
15-Apr-17,1167.3,1188,1164.96,1172.52,"203,559,000","18,996,500,000",2035.59
14-Apr-17,1170.33,1190.8,1159.79,1167.54,"254,827,000","19,043,800,000",2548.27
13-Apr-17,1201.02,1205.89,1156.44,1169.28,"351,969,000","19,541,300,000",3519.69
12-Apr-17,1204.81,1207.14,1196.76,1200.37,"288,702,000","19,600,800,000",2887.02
11-Apr-17,1187.46,1208.07,1187.46,1205.01,"216,182,000","19,316,000,000",2161.82
10-Apr-17,1187.3,1190.34,1179.04,1187.13,"215,883,000","19,311,200,000",2158.83
9-Apr-17,1176.57,1197.21,1171.86,1187.87,"242,343,000","19,134,400,000",2423.43
8-Apr-17,1172.65,1184.98,1162.58,1175.95,"209,312,000","19,068,600,000",2093.12
7-Apr-17,1178.94,1186.58,1163.39,1176.9,"317,022,000","19,168,500,000",3170.22
6-Apr-17,1125.81,1188.37,1125.81,1182.68,"511,222,000","18,302,600,000",5112.22
5-Apr-17,1134.14,1135.09,1113.63,1124.78,"414,784,000","18,435,700,000",4147.84
4-Apr-17,1145.52,1156.44,1120.52,1133.25,"436,310,000","18,619,000,000",4363.1
3-Apr-17,1102.95,1151.74,1102.95,1143.81,"580,444,000","17,924,600,000",5804.44
2-Apr-17,1080.61,1107.59,1075.45,1102.17,"514,187,000","17,559,400,000",5141.87
1-Apr-17,1071.71,1091.72,1061.09,1080.5,"289,634,000","17,413,000,000",2896.34
31-Mar-17,1026.64,1074.92,1026.64,1071.79,"447,287,000","16,679,000,000",4472.87
30-Mar-17,1042.21,1049.29,1020.04,1026.43,"352,969,000","16,929,800,000",3529.69
29-Mar-17,1046.08,1055.13,1015.88,1039.97,"298,458,000","16,990,900,000",2984.58
28-Mar-17,1044.58,1064.65,1027.73,1047.15,"326,332,000","16,964,500,000",3263.32
27-Mar-17,972.05,1046.4,971.98,1045.77,"372,535,000","15,785,000,000",3725.35
26-Mar-17,974.01,1007.96,954.19,966.73,"303,668,000","15,814,800,000",3036.68
25-Mar-17,936.54,975.76,903.71,972.78,"435,803,000","15,204,800,000",4358.03
24-Mar-17,1038.45,1040.47,934.36,937.52,"491,038,000","16,857,000,000",4910.38
23-Mar-17,1050.05,1058.01,1028.93,1038.59,"248,540,000","17,043,400,000",2485.4
22-Mar-17,1120.65,1120.65,1014.21,1049.14,"380,841,000","18,187,100,000",3808.41
21-Mar-17,1055.36,1122.43,1055.36,1120.54,"337,391,000","17,125,600,000",3373.91
20-Mar-17,1037.24,1063.03,1036.68,1054.23,"286,530,000","16,829,800,000",2865.3
19-Mar-17,976.73,1069.91,976.73,1036.74,"406,648,000","15,846,000,000",4066.48
18-Mar-17,1099.69,1114.07,957.65,973.82,"621,302,000","17,838,700,000",6213.02
17-Mar-17,1180.16,1180.16,1099.57,1100.23,"706,599,000","19,141,800,000",7065.99
16-Mar-17,1251.33,1257.98,1152.44,1187.81,"638,568,000","20,293,700,000",6385.68
15-Mar-17,1240.16,1251.61,1239.75,1249.61,"297,805,000","20,110,400,000",2978.05
14-Mar-17,1232.16,1244.81,1220.72,1240,"245,306,000","19,978,200,000",2453.06
13-Mar-17,1221.78,1237.37,1217.03,1231.92,"380,277,000","19,807,700,000",3802.77
12-Mar-17,1176.62,1226.98,1175.36,1221.38,"227,176,000","19,073,300,000",2271.76
11-Mar-17,1116.32,1193.83,1116.32,1175.83,"283,320,000","18,093,700,000",2833.2
10-Mar-17,1189.36,1270.47,1077.25,1116.72,"563,796,000","19,275,300,000",5637.96
9-Mar-17,1150.35,1197.46,1141.23,1188.49,"212,283,000","18,640,900,000",2122.83
8-Mar-17,1223.23,1232.16,1148.08,1150,"332,603,000","19,819,800,000",3326.03
7-Mar-17,1273.21,1275.55,1204.8,1223.54,"291,256,000","20,627,100,000",2912.56
6-Mar-17,1267.47,1276,1264.6,1272.83,"153,657,000","20,531,900,000",1536.57
5-Mar-17,1254.29,1267.29,1238.06,1267.12,"134,127,000","20,316,000,000",1341.27
4-Mar-17,1277.43,1279.4,1230.51,1255.15,"183,270,000","20,688,800,000",1832.7
3-Mar-17,1250.71,1280.31,1250.71,1274.99,"315,739,000","20,253,700,000",3157.39
2-Mar-17,1224.68,1262.13,1215.62,1251.01,"368,275,000","19,829,800,000",3682.75
1-Mar-17,1180.04,1222.5,1179.69,1222.5,"229,057,000","19,104,800,000",2290.57
28-Feb-17,1180.72,1193.25,1171.82,1179.97,"184,956,000","19,113,600,000",1849.56
27-Feb-17,1163.78,1181.98,1163.38,1179.97,"131,570,000","18,837,300,000",1315.7
26-Feb-17,1144.27,1167.47,1130.2,1165.2,"116,486,000","18,518,900,000",1164.86
25-Feb-17,1170.41,1174.85,1124.59,1143.84,"139,961,000","18,939,500,000",1399.61
24-Feb-17,1172.71,1200.39,1131.96,1173.68,"330,759,000","18,974,400,000",3307.59
23-Feb-17,1117.27,1176.62,1116.96,1166.72,"189,454,000","18,075,200,000",1894.54
22-Feb-17,1114.8,1125.39,1100.55,1117.44,"136,100,000","18,033,400,000",1361
21-Feb-17,1079.28,1117.25,1076.93,1115.3,"186,869,000","17,456,900,000",1868.69
20-Feb-17,1048.69,1080.49,1041.69,1079.98,"109,478,000","16,960,200,000",1094.78
19-Feb-17,1054.76,1056.81,1043.46,1047.87,"77,423,300","17,056,600,000",774.233
18-Feb-17,1049.21,1061.1,1046.96,1054.42,"99,073,500","16,964,800,000",990.735
17-Feb-17,1026.12,1053.17,1025.64,1046.21,"136,474,000","16,589,600,000",1364.74
16-Feb-17,1007.65,1033.37,1007.65,1027.44,"122,277,000","16,289,100,000",1222.77
15-Feb-17,1006.21,1008.84,1001.58,1007.48,"89,759,400","16,264,100,000",897.594
14-Feb-17,991.74,1011.51,986.47,1004.55,"137,946,000","16,028,000,000",1379.46
13-Feb-17,998.88,1002.1,976,990.64,"100,607,000","16,141,500,000",1006.07
12-Feb-17,1003.52,1004.76,996.92,999.18,"67,530,000","16,214,700,000",675.3
11-Feb-17,988.9,1009.29,982.83,1004.45,"102,261,000","15,976,700,000",1022.61
10-Feb-17,995.63,998.9,946.69,988.67,"190,452,000","16,083,600,000",1904.52
9-Feb-17,1064.7,1088.99,953.34,994.38,"407,220,000","17,197,100,000",4072.2
8-Feb-17,1062.32,1078.97,1037.49,1063.07,"201,855,000","17,156,700,000",2018.55
7-Feb-17,1040.14,1061.93,1040.14,1061.35,"146,007,000","16,796,600,000",1460.07
6-Feb-17,1028.4,1044.64,1028.16,1038.15,"111,762,000","16,605,400,000",1117.62
5-Feb-17,1043.52,1043.63,1022.37,1027.34,"114,208,000","16,847,400,000",1142.08
4-Feb-17,1031.33,1045.9,1015.16,1042.9,"155,064,000","16,648,800,000",1550.64
3-Feb-17,1011.46,1033.87,1008.79,1029.91,"201,278,000","16,326,100,000",2012.78
2-Feb-17,990,1013.52,983.22,1011.8,"145,821,000","15,977,800,000",1458.21
1-Feb-17,970.94,989.11,970.74,989.02,"150,110,000","15,667,900,000",1501.1
31-Jan-17,920.96,972.02,920.96,970.4,"164,582,000","14,859,700,000",1645.82
30-Jan-17,920.15,923.05,919.47,920.38,"78,227,300","14,844,900,000",782.273
29-Jan-17,922.07,923.42,919.15,919.5,"60,851,700","14,874,000,000",608.517
28-Jan-17,919.81,923.91,919.81,921.59,"68,979,600","14,835,800,000",689.796
27-Jan-17,918.36,923.22,915.85,919.75,"125,594,000","14,810,400,000",1255.94
26-Jan-17,902.39,919.33,902.22,917.59,"131,958,000","14,551,200,000",1319.58
25-Jan-17,891.92,903.25,891.69,901.54,"120,831,000","14,380,700,000",1208.31
24-Jan-17,910.68,924.14,892.29,892.69,"111,349,000","14,681,400,000",1113.49
23-Jan-17,925.5,928.27,916.74,921.01,"73,588,600","14,918,800,000",735.886
22-Jan-17,922.21,937.52,897.56,924.67,"116,573,000","14,863,600,000",1165.73
21-Jan-17,895.55,927.37,895.53,921.79,"111,158,000","14,432,000,000",1111.58
20-Jan-17,898.17,899.4,887.01,895.03,"86,728,400","14,472,100,000",867.284
19-Jan-17,888.34,904.61,884.34,899.07,"105,625,000","14,311,700,000",1056.25
18-Jan-17,909.37,917.5,858.3,886.62,"225,677,000","14,648,900,000",2256.77
17-Jan-17,830.95,910.56,830.8,907.94,"155,095,000","13,383,900,000",1550.95
16-Jan-17,821.78,834.53,820.27,831.53,"82,755,200","13,234,600,000",827.552
15-Jan-17,818.14,823.31,812.87,821.8,"71,013,600","13,174,300,000",710.136
14-Jan-17,825.14,835.09,812.46,818.41,"93,063,300","13,285,200,000",930.633
13-Jan-17,803.74,829,780,823.98,"168,968,000","12,939,100,000",1689.68
12-Jan-17,775.18,826.25,755.76,804.83,"222,326,000","12,477,600,000",2223.26
11-Jan-17,908.12,919.45,762.76,777.76,"310,929,000","14,615,700,000",3109.29
10-Jan-17,902.44,914.87,901.06,907.68,"115,808,000","14,522,600,000",1158.08
9-Jan-17,913.24,913.69,879.81,902.83,"141,877,000","14,694,900,000",1418.77
8-Jan-17,908.17,942.72,887.25,911.2,"158,715,000","14,611,400,000",1587.15
7-Jan-17,903.49,908.59,823.56,908.59,"279,550,000","14,534,400,000",2795.5
6-Jan-17,1014.24,1046.81,883.94,902.2,"351,876,000","16,314,100,000",3518.76
5-Jan-17,1156.73,1191.1,910.42,1013.38,"510,199,000","18,604,000,000",5101.99
4-Jan-17,1044.4,1159.42,1044.4,1154.73,"344,946,000","16,795,400,000",3449.46
3-Jan-17,1021.6,1044.08,1021.6,1043.84,"185,168,000","16,426,600,000",1851.68
2-Jan-17,998.62,1031.39,996.7,1021.75,"222,185,000","16,055,100,000",2221.85
1-Jan-17,963.66,1003.08,958.7,998.33,"147,775,000","15,491,200,000",1477.75
31-Dec-16,960.63,963.74,947.24,963.74,"99,135,100","15,440,700,000",991.351
30-Dec-16,972.53,972.53,934.83,961.24,"187,474,000","15,630,200,000",1874.74
29-Dec-16,975.13,979.4,954.5,973.5,"199,320,000","15,670,000,000",1993.2
28-Dec-16,934.83,975.92,934.83,975.92,"236,630,000","15,020,500,000",2366.3
27-Dec-16,908.35,940.05,904.25,933.2,"167,308,000","14,593,300,000",1673.08
26-Dec-16,896.9,913.18,896.9,907.61,"123,771,000","14,407,800,000",1237.71
25-Dec-16,899.65,899.65,862.42,896.18,"143,665,000","14,450,100,000",1436.65
24-Dec-16,922.18,923.48,886.34,898.82,"137,727,000","14,810,300,000",1377.27
23-Dec-16,864.89,925.12,864.68,921.98,"275,564,000","13,888,600,000",2755.64
22-Dec-16,834.18,875.78,834.15,864.54,"200,027,000","13,393,800,000",2000.27
21-Dec-16,800.64,834.28,799.4,834.28,"155,576,000","12,853,700,000",1555.76
20-Dec-16,792.25,801.34,791.5,800.88,"99,629,300","12,717,600,000",996.293
19-Dec-16,790.69,793.61,790.32,792.71,"74,886,400","12,691,100,000",748.864
18-Dec-16,791.01,794.74,788.03,790.53,"60,524,400","12,694,800,000",605.244
17-Dec-16,785.17,792.51,784.86,790.83,"78,989,800","12,599,600,000",789.898
16-Dec-16,778.96,785.03,778.96,784.91,"83,608,200","12,498,800,000",836.082
15-Dec-16,780.07,781.43,777.8,778.09,"81,580,100","12,511,700,000",815.801
14-Dec-16,780,782.03,776.84,781.48,"75,979,000","12,512,900,000",759.79
13-Dec-16,780.65,788.46,777.96,780.56,"81,645,600","12,521,500,000",816.456
12-Dec-16,770.04,781.92,770.04,780.09,"76,571,000","12,349,800,000",765.71
11-Dec-16,774.75,774.8,765.41,769.73,"57,313,400","12,423,600,000",573.134
10-Dec-16,773.02,777.09,772.91,774.65,"53,843,100","12,394,500,000",538.431
9-Dec-16,769.94,774.53,769.65,772.79,"68,705,300","12,344,000,000",687.053
8-Dec-16,768.08,774.7,765.95,770.81,"80,111,900","12,312,500,000",801.119
7-Dec-16,764.21,771.54,759.75,768.13,"96,426,100","12,248,900,000",964.261
6-Dec-16,758.72,765.62,758.72,764.22,"116,218,000","12,159,400,000",1162.18
5-Dec-16,773.39,773.47,751.71,758.7,"106,363,000","12,393,100,000",1063.63
4-Dec-16,771.64,773.87,768.16,773.87,"60,557,900","12,363,600,000",605.579
3-Dec-16,778.25,778.25,764.86,771.15,"69,547,300","12,467,800,000",695.473
2-Dec-16,757.54,781.3,757.54,777.94,"127,605,000","12,134,800,000",1276.05
1-Dec-16,746.05,758.27,746.05,756.77,"80,461,900","11,949,200,000",804.619
30-Nov-16,736.28,747.93,736.26,745.69,"84,070,800","11,791,600,000",840.708
29-Nov-16,736.33,737.47,734.56,735.6,"68,511,100","11,790,900,000",685.111
28-Nov-16,732.48,738.01,732.48,735.81,"61,888,600","11,727,800,000",618.886
27-Nov-16,735.44,739.02,731.09,732.03,"52,601,800","11,773,800,000",526.018
26-Nov-16,741.51,742.21,729.63,735.38,"54,962,700","11,869,600,000",549.627
25-Nov-16,740.44,741.65,734.59,741.65,"67,807,600","11,851,100,000",678.076
24-Nov-16,744.62,746.83,733.49,740.29,"85,919,300","11,916,500,000",859.193
23-Nov-16,751.74,752.25,738.92,744.59,"76,543,800","12,029,000,000",765.438
22-Nov-16,739.64,753.87,736.53,751.35,"129,906,000","11,834,200,000",1299.06
21-Nov-16,731.26,741.72,730.51,739.25,"60,802,400","11,698,900,000",608.024
20-Nov-16,751.88,755.48,717.94,731.03,"154,116,000","12,027,500,000",1541.16
19-Nov-16,751.83,756.24,744.47,751.62,"110,608,000","12,025,400,000",1106.08
18-Nov-16,740.71,752.88,736.89,751.59,"87,363,100","11,846,000,000",873.631
17-Nov-16,744.88,755.64,739.51,740.98,"108,579,000","11,911,300,000",1085.79
16-Nov-16,711.17,747.62,709.04,744.2,"141,294,000","11,370,700,000",1412.94
15-Nov-16,705.79,715.72,705.26,711.62,"72,038,500","11,283,400,000",720.385
14-Nov-16,702,706.28,699.81,705.02,"62,993,000","11,214,600,000",629.93
13-Nov-16,705.2,705.26,687.32,702.03,"80,318,100","11,264,500,000",803.181
12-Nov-16,716.75,717.15,704.03,705.05,"64,622,500","11,447,700,000",646.225
11-Nov-16,715.55,718.32,714.41,716.41,"63,119,700","11,427,200,000",631.197
10-Nov-16,722.84,723.02,711.21,715.53,"68,807,800","11,542,100,000",688.078
9-Nov-16,709.83,740.05,708.61,723.27,"132,429,000","11,333,000,000",1324.29
8-Nov-16,703.09,712.99,702.39,709.85,"79,660,800","11,224,000,000",796.608
7-Nov-16,710.74,710.74,699.9,703.13,"65,047,100","11,344,800,000",650.471
6-Nov-16,703.81,714.26,699.56,711.52,"59,902,200","11,233,000,000",599.022
5-Nov-16,703.52,707.51,697.74,703.42,"53,752,300","11,227,200,000",537.523
4-Nov-16,689.12,706.93,685.56,703.24,"99,907,700","10,996,400,000",999.077
3-Nov-16,742.35,745.77,678.16,688.7,"172,808,000","11,844,300,000",1728.08
2-Nov-16,730.07,740.83,722.35,740.83,"84,865,200","11,647,200,000",848.652
1-Nov-16,701.34,736.45,701.34,729.79,"130,527,000","11,187,700,000",1305.27
31-Oct-16,702.64,709.29,691.68,700.97,"97,064,400","11,207,200,000",970.644
30-Oct-16,714.12,714.12,696.48,701.86,"100,665,000","11,388,800,000",1006.65
29-Oct-16,690.29,720.4,690.05,714.48,"134,761,000","11,007,600,000",1347.61
28-Oct-16,688,690.44,684.16,689.65,"81,145,500","10,969,800,000",811.455
27-Oct-16,678.21,688.59,678.04,688.31,"96,105,300","10,812,500,000",961.053
26-Oct-16,657.68,679.73,657.68,678.3,"88,877,100","10,484,000,000",888.771
25-Oct-16,654,664.42,653.7,657.59,"90,378,800","10,424,300,000",903.788
24-Oct-16,657.16,657.25,652.6,653.76,"62,218,200","10,473,500,000",622.182
23-Oct-16,657.62,661.13,653.89,657.07,"54,474,600","10,479,700,000",544.746
22-Oct-16,633.14,658.2,632.85,657.29,"78,556,500","10,088,400,000",785.565
21-Oct-16,630.83,634.09,630.69,632.83,"55,951,000","10,050,300,000",559.51
20-Oct-16,630.66,631.92,628.26,630.86,"56,957,300","10,046,700,000",569.573
19-Oct-16,638.13,638.87,628.01,630.52,"69,381,700","10,164,800,000",693.817
18-Oct-16,639.41,640.74,636,637.96,"65,546,700","10,184,000,000",655.467
17-Oct-16,641.82,642.33,638.66,639.19,"58,063,600","10,221,300,000",580.636
16-Oct-16,639.08,642.9,638.9,641.63,"40,298,100","10,176,800,000",402.981
15-Oct-16,640.31,642.1,637.39,638.65,"39,035,400","10,195,200,000",390.354
14-Oct-16,637.01,641.28,637.01,640.38,"58,144,600","10,141,600,000",581.446
13-Oct-16,636.03,638.83,635.03,636.79,"61,620,700","10,125,100,000",616.207
12-Oct-16,640.87,641.34,635.97,636.19,"92,370,200","10,201,000,000",923.702
11-Oct-16,619.24,642.08,618.5,641.07,"103,590,000","9,855,650,000",1035.9
10-Oct-16,616.82,621.32,616.2,618.99,"67,481,100","9,816,270,000",674.811
9-Oct-16,619.17,619.2,616.61,616.75,"39,243,400","9,852,480,000",392.434
8-Oct-16,617.34,619.85,617.34,619.11,"42,345,900","9,822,100,000",423.459
7-Oct-16,612.61,617.91,611.82,617.12,"64,071,400","9,745,740,000",640.714
6-Oct-16,612.47,613.82,611.47,613.02,"56,812,100","9,742,370,000",568.121
5-Oct-16,610.22,613.81,609.62,612.51,"68,077,500","9,705,320,000",680.775
4-Oct-16,612.05,612.05,609.48,610.2,"49,801,600","9,733,330,000",498.016
3-Oct-16,610.97,612.57,610.46,612.13,"46,798,300","9,714,980,000",467.983
2-Oct-16,613.95,614,609.68,610.89,"39,249,800","9,761,330,000",392.498
1-Oct-16,609.93,615.24,609.93,613.98,"56,357,000","9,696,280,000",563.57
30-Sep-16,605.72,609.74,604.14,609.74,"56,122,400","9,628,250,000",561.224
29-Sep-16,605.02,606.82,604.85,605.69,"55,658,600","9,616,160,000",556.586
28-Sep-16,606.24,606.59,604.61,604.73,"48,722,600","9,634,530,000",487.226
27-Sep-16,608.02,608.25,604.11,606.17,"49,422,400","9,661,590,000",494.224
26-Sep-16,600.81,608.14,600.35,608.04,"59,153,800","9,545,830,000",591.538
25-Sep-16,602.75,603.38,599.71,600.83,"33,977,800","9,575,360,000",339.778
24-Sep-16,602.96,604.58,602.04,602.63,"35,359,500","9,577,520,000",353.595
23-Sep-16,596.2,603.21,595.79,602.84,"51,067,000","9,469,130,000",510.67
22-Sep-16,597.28,598.49,596.21,596.3,"67,085,300","9,485,280,000",670.853
21-Sep-16,603.59,603.59,595.88,597.15,"82,776,200","9,584,260,000",827.762
20-Sep-16,609.25,609.52,607.94,608.31,"72,710,900","9,673,140,000",727.109
19-Sep-16,609.87,610.93,608.27,609.23,"54,796,400","9,681,960,000",547.964
18-Sep-16,606.28,610.16,605.86,609.87,"48,679,400","9,623,950,000",486.794
17-Sep-16,607.22,607.86,605.19,605.98,"37,140,300","9,637,600,000",371.403
16-Sep-16,607.25,609.26,606.74,606.97,"64,963,400","9,637,020,000",649.634
15-Sep-16,610.59,611.09,607.15,607.15,"59,464,600","9,688,940,000",594.646
14-Sep-16,608.84,611.95,608.41,610.68,"47,877,700","9,660,080,000",478.777
13-Sep-16,608.02,611.19,606.92,609.24,"86,920,600","9,645,930,000",869.206
12-Sep-16,607,608.46,605.41,608.24,"72,812,300","9,628,560,000",728.123
11-Sep-16,623.42,628.82,600.51,606.72,"73,610,800","9,887,780,000",736.108
10-Sep-16,622.93,625.1,622.39,623.51,"45,016,800","9,878,730,000",450.168
9-Sep-16,626.35,626.83,620.26,622.86,"64,550,200","9,931,980,000",645.502
8-Sep-16,614.63,628.77,613.84,626.32,"86,713,000","9,745,120,000",867.13
7-Sep-16,610.57,614.54,608.51,614.54,"75,032,400","9,679,610,000",750.324
6-Sep-16,606.51,610.83,605.09,610.44,"78,529,100","9,614,140,000",785.291
5-Sep-16,608.99,609.05,602.24,606.59,"82,446,800","9,652,490,000",824.468
4-Sep-16,598.59,611.84,596.85,608.63,"97,942,900","9,486,370,000",979.429
3-Sep-16,575.55,599.5,574.06,598.21,"159,014,000","9,120,440,000",1590.14
2-Sep-16,572.41,575.64,570.81,575.54,"79,910,800","9,069,550,000",799.108
1-Sep-16,575.55,576.31,571.81,572.3,"76,923,400","9,118,280,000",769.234
31-Aug-16,577.59,577.86,573.64,575.47,"75,840,900","9,149,730,000",758.409
30-Aug-16,574.11,578.36,574.11,577.5,"70,342,400","9,093,530,000",703.424
29-Aug-16,574.07,576.28,573.47,574.11,"110,398,000","9,091,830,000",1103.98
28-Aug-16,569.83,574.04,569.74,573.91,"86,301,600","9,023,610,000",863.016
27-Aug-16,579.45,579.85,568.63,569.95,"59,698,300","9,174,990,000",596.983
26-Aug-16,577.75,580.62,576.86,579.65,"48,856,800","9,147,170,000",488.568
25-Aug-16,580.18,580.45,575.17,577.76,"136,130,000","9,184,700,000",1361.3
24-Aug-16,583.41,583.59,579.86,580.18,"56,328,200","9,234,800,000",563.282
23-Aug-16,586.77,589.47,581.63,583.41,"85,349,200","9,286,930,000",853.492
22-Aug-16,581.31,588.45,580.59,586.75,"72,844,000","9,199,410,000",728.44
21-Aug-16,581.94,584.16,580.22,581.31,"38,299,400","9,208,210,000",382.994
20-Aug-16,576.08,582.82,575.46,581.7,"45,301,400","9,114,500,000",453.014
19-Aug-16,574.34,578.24,574.18,575.63,"50,631,600","9,085,820,000",506.316
18-Aug-16,573.71,577.79,573.43,574.32,"59,896,600","9,074,760,000",598.966
17-Aug-16,577.76,580.89,571.43,573.22,"54,443,000","9,138,030,000",544.43
16-Aug-16,567.24,581.74,566.72,577.44,"58,405,200","8,970,770,000",584.052
15-Aug-16,570.49,573.58,563.24,567.24,"57,262,300","9,021,180,000",572.623
14-Aug-16,585.59,585.67,564.78,570.47,"60,851,100","9,258,730,000",608.511
13-Aug-16,587.36,589.77,584.98,585.59,"43,563,000","9,285,530,000",435.63
12-Aug-16,588.8,589.91,583.81,587.56,"69,218,000","9,307,250,000",692.18
11-Aug-16,592.12,597.54,589.12,589.12,"74,514,400","9,358,770,000",745.144
10-Aug-16,587.65,599.98,586.37,592.1,"102,905,000","9,286,960,000",1029.05
9-Aug-16,591.04,591.09,584.79,587.8,"92,228,100","9,339,660,000",922.281
8-Aug-16,592.74,592.99,588.05,591.05,"61,194,100","9,365,440,000",611.941
7-Aug-16,587.77,597.51,586.82,592.69,"82,398,400","9,285,940,000",823.984
6-Aug-16,575.03,588.4,569.47,587.78,"80,797,300","9,083,510,000",807.973
5-Aug-16,578.28,578.28,569.98,575.04,"66,127,900","9,133,690,000",661.279
4-Aug-16,566.33,579.5,565.78,578.29,"125,292,000","8,943,870,000",1252.92
3-Aug-16,548.66,573.36,541.55,566.36,"207,982,000","8,663,670,000",2079.82
2-Aug-16,606.4,612.85,531.33,547.47,"330,933,000","9,574,320,000",3309.33
1-Aug-16,624.6,626.12,605.88,606.27,"121,887,000","9,860,620,000",1218.87
31-Jul-16,655.1,655.28,624.37,624.68,"110,818,000","10,340,900,000",1108.18
30-Jul-16,657.01,658.22,654.21,655.05,"38,456,100","10,370,100,000",384.561
29-Jul-16,655.11,657.8,654.79,656.99,"60,703,500","10,338,900,000",607.035
28-Jul-16,654.49,657.6,654.49,655.03,"86,428,400","10,328,100,000",864.284
27-Jul-16,651.63,657.46,648.45,654.35,"147,461,000","10,281,900,000",1474.61
26-Jul-16,654.23,656.23,645.88,651.78,"225,135,000","10,321,900,000",2251.35
25-Jul-16,661.26,661.83,653.39,654.1,"78,176,500","10,431,900,000",781.765
24-Jul-16,655.41,663.11,652.79,661.28,"118,184,000","10,338,600,000",1181.84
23-Jul-16,650.73,656.37,648.52,655.56,"69,532,200","10,263,700,000",695.322
22-Jul-16,664.92,666.58,646.72,650.62,"134,169,000","10,486,600,000",1341.69
21-Jul-16,665.23,666.22,660.41,665.01,"60,491,800","10,490,300,000",604.918
20-Jul-16,672.81,672.93,663.36,665.68,"94,636,400","10,608,600,000",946.364
19-Jul-16,672.74,673.28,667.63,672.86,"61,203,300","10,606,500,000",612.033
18-Jul-16,679.81,681.55,668.63,673.11,"69,465,000","10,716,800,000",694.65
17-Jul-16,661.99,682.37,661.99,679.46,"74,407,900","10,434,700,000",744.079
16-Jul-16,663.78,666.46,659.33,660.77,"50,330,200","10,461,700,000",503.302
15-Jul-16,659.17,667.08,659.04,663.25,"81,673,100","10,387,900,000",816.731
14-Jul-16,652.92,662.9,652.92,658.08,"98,511,400","10,288,400,000",985.114
13-Jul-16,664.8,668.7,654.47,654.47,"131,449,000","10,474,500,000",1314.49
12-Jul-16,648.28,675.26,646.78,664.55,"138,173,000","10,213,100,000",1381.73
11-Jul-16,648.48,659.63,644.98,647.66,"107,910,000","10,215,200,000",1079.1
10-Jul-16,650.6,652.29,641.26,649.36,"102,532,000","10,247,300,000",1025.32
9-Jul-16,666.38,666.38,633.4,650.96,"180,536,000","10,493,800,000",1805.36
8-Jul-16,640.69,666.71,636.47,666.52,"141,970,000","10,086,900,000",1419.7
7-Jul-16,678.09,682.43,611.83,640.56,"258,091,000","10,673,400,000",2580.91
6-Jul-16,670.42,681.9,670.42,677.33,"134,961,000","10,550,300,000",1349.61
5-Jul-16,683.21,683.49,665.07,670.63,"130,476,000","10,749,100,000",1304.76
4-Jul-16,658.8,683.66,650.51,683.66,"92,008,400","10,362,700,000",920.084
3-Jul-16,704.97,704.97,649.01,658.66,"129,512,000","11,086,100,000",1295.12
2-Jul-16,676.73,703.7,676.4,703.7,"112,354,000","10,639,600,000",1123.54
1-Jul-16,672.51,686.15,669.59,676.3,"134,431,000","10,570,600,000",1344.31
30-Jun-16,640.59,675.4,636.61,673.34,"138,980,000","10,066,400,000",1389.8
29-Jun-16,644.12,644.68,628.28,639.89,"142,456,000","10,119,600,000",1424.56
28-Jun-16,658.1,659.25,637.77,647,"138,385,000","10,336,800,000",1383.85
27-Jun-16,629.35,655.27,620.52,655.27,"122,134,000","9,882,840,000",1221.34
26-Jun-16,665.93,665.98,616.93,629.37,"109,225,000","10,454,900,000",1092.25
25-Jun-16,665.28,691.73,646.56,665.12,"126,656,000","10,442,000,000",1266.56
24-Jun-16,625.58,681.73,625.27,665.3,"224,317,000","9,816,730,000",2243.17
23-Jun-16,597.44,629.33,558.14,623.98,"253,462,000","9,373,190,000",2534.62
22-Jun-16,665.91,678.67,587.48,596.12,"266,393,000","10,445,300,000",2663.93
21-Jun-16,735.88,735.88,639.07,666.65,"309,944,000","11,540,000,000",3099.44
20-Jun-16,763.93,764.08,732.73,737.23,"174,511,000","11,976,700,000",1745.11
19-Jun-16,756.69,766.62,745.63,763.78,"136,185,000","11,859,800,000",1361.85
18-Jun-16,748.76,777.99,733.93,756.23,"252,718,000","11,732,600,000",2527.18
17-Jun-16,768.49,775.36,716.56,748.91,"363,321,000","12,038,900,000",3633.21
16-Jun-16,696.52,773.72,696.52,766.31,"271,634,000","10,908,900,000",2716.34
15-Jun-16,685.68,696.3,672.56,694.47,"99,223,800","10,736,600,000",992.238
14-Jun-16,704.5,704.5,662.8,685.56,"186,694,000","11,028,900,000",1866.94
13-Jun-16,671.65,716,664.49,704.38,"243,295,000","10,511,900,000",2432.95
12-Jun-16,609.68,684.84,607.04,672.78,"277,085,000","9,539,850,000",2770.85
11-Jun-16,578.67,607.12,578.67,606.73,"82,357,000","9,052,360,000",823.57
10-Jun-16,575.84,579.13,573.33,577.47,"66,991,900","9,005,920,000",669.919
9-Jun-16,582.2,582.2,570.95,574.63,"71,301,000","9,103,080,000",713.01
8-Jun-16,577.17,582.84,573.13,581.64,"80,265,800","9,022,250,000",802.658
7-Jun-16,585.45,590.26,567.51,576.6,"107,770,000","9,149,580,000",1077.7
6-Jun-16,574.6,586.47,574.6,585.54,"72,138,900","8,977,700,000",721.389
5-Jun-16,573.31,582.81,569.18,574.98,"68,874,100","8,955,060,000",688.741
4-Jun-16,569.71,590.13,564.24,572.73,"94,925,300","8,897,080,000",949.253
3-Jun-16,537.68,574.64,536.92,569.19,"122,020,000","8,395,070,000",1220.2
2-Jun-16,536.51,540.35,533.08,537.97,"60,378,200","8,375,000,000",603.782
1-Jun-16,531.11,543.08,525.64,536.92,"86,061,800","8,288,680,000",860.618
31-May-16,534.19,546.62,520.66,531.39,"138,450,000","8,335,100,000",1384.5
30-May-16,528.47,544.35,522.96,533.86,"87,958,700","8,243,960,000",879.587
29-May-16,527.48,553.96,512.18,526.23,"148,737,000","8,226,500,000",1487.37
28-May-16,473.03,533.47,472.7,530.04,"181,199,000","7,375,780,000",1811.99
27-May-16,453.52,478.15,453.52,473.46,"164,781,000","7,070,010,000",1647.81
26-May-16,449.67,453.64,447.9,453.38,"65,203,800","7,008,500,000",652.038
25-May-16,446.06,450.3,446.06,449.6,"65,231,000","6,950,690,000",652.31
24-May-16,444.29,447.1,443.93,445.98,"65,783,100","6,921,460,000",657.831
23-May-16,439.35,444.35,438.82,444.15,"50,582,500","6,842,470,000",505.825
22-May-16,443.22,443.43,439.04,439.32,"39,657,600","6,900,700,000",396.576
21-May-16,442.97,443.78,441.71,443.19,"42,762,300","6,895,230,000",427.623
20-May-16,437.79,444.05,437.39,442.68,"81,987,900","6,813,080,000",819.879
19-May-16,454.52,454.63,438.71,438.71,"96,027,400","7,072,090,000",960.274
18-May-16,453.69,456,453.3,454.62,"86,850,100","7,057,390,000",868.501
17-May-16,454.01,455.07,453.61,453.78,"64,100,300","7,060,730,000",641.003
16-May-16,457.59,458.2,452.94,454.16,"59,171,500","7,114,740,000",591.715
15-May-16,455.76,458.69,455.46,457.57,"28,514,000","7,084,760,000",285.14
14-May-16,455.82,456.84,454.79,455.67,"37,209,000","7,084,100,000",372.09
13-May-16,454.85,457.06,453.45,455.67,"60,845,000","7,067,270,000",608.45
12-May-16,452.45,454.95,449.25,454.77,"59,849,300","7,028,330,000",598.493
11-May-16,450.86,454.58,450.86,452.73,"50,605,200","7,002,230,000",506.052
10-May-16,460.52,461.93,448.95,450.89,"58,956,100","7,150,370,000",589.561
9-May-16,458.21,462.48,456.53,460.48,"55,493,100","7,112,510,000",554.931
8-May-16,458.43,459.42,455.98,458.55,"40,315,000","7,114,060,000",403.15
7-May-16,459.64,460.68,457.32,458.54,"38,364,500","7,131,120,000",383.645
6-May-16,447.94,461.38,447.07,459.6,"72,796,800","6,947,800,000",727.968
5-May-16,446.71,448.51,445.88,447.98,"50,440,800","6,926,990,000",504.408
4-May-16,450.18,450.38,445.63,446.72,"50,407,300","6,978,950,000",504.073
3-May-16,444.73,451.1,442.62,450.3,"59,366,400","6,892,690,000",593.664
2-May-16,451.93,452.44,441.78,444.67,"92,127,000","7,002,610,000",921.27
1-May-16,448.48,452.48,447.93,451.88,"40,660,100","6,947,430,000",406.601
30-Apr-16,455.18,455.59,447.7,448.32,"69,322,600","7,049,460,000",693.226
29-Apr-16,449.41,455.38,446.02,455.1,"49,258,500","6,958,330,000",492.585
28-Apr-16,445.04,449.55,436.65,449.01,"74,064,700","6,889,170,000",740.647
27-Apr-16,466.26,467.08,444.13,444.69,"93,564,900","7,216,190,000",935.649
26-Apr-16,461.65,467.96,461.62,466.09,"78,971,900","7,143,060,000",789.719
25-Apr-16,459.12,466.62,453.59,461.43,"87,091,800","7,102,490,000",870.918
24-Apr-16,450.56,460.15,448.93,458.56,"68,198,400","6,968,570,000",681.984
23-Apr-16,445.86,450.28,444.33,450.28,"50,485,400","6,894,280,000",504.854
22-Apr-16,449.69,449.81,444.15,445.74,"58,804,400","6,951,860,000",588.044
21-Apr-16,441.42,450.55,440.95,449.43,"68,204,700","6,822,320,000",682.047
20-Apr-16,435.32,443.05,434.41,441.39,"72,890,100","6,726,370,000",728.901
19-Apr-16,428.7,436.02,428.1,435.51,"52,810,500","6,622,450,000",528.105
18-Apr-16,427.61,429.27,427.09,428.59,"55,670,900","6,604,150,000",556.709
17-Apr-16,430.64,431.37,426.08,427.4,"52,125,900","6,649,170,000",521.259
16-Apr-16,429.57,432.63,428.98,430.57,"39,392,800","6,631,310,000",393.928
15-Apr-16,424.43,429.93,424.43,429.71,"54,801,500","6,550,350,000",548.015
14-Apr-16,423.94,425.37,423.01,424.28,"45,281,000","6,541,030,000",452.81
13-Apr-16,425.63,426.66,422.92,423.73,"69,060,400","6,565,470,000",690.604
12-Apr-16,422.84,427.28,422.84,425.19,"70,728,800","6,520,870,000",707.288
11-Apr-16,421.87,422.74,420.53,422.48,"50,747,500","6,504,290,000",507.475
10-Apr-16,419.59,422.44,419.26,421.56,"73,478,600","6,467,330,000",734.786
9-Apr-16,420.81,420.89,416.51,419.41,"49,792,700","6,484,410,000",497.927
8-Apr-16,422.91,425.36,419.63,420.35,"63,454,700","6,515,190,000",634.547
7-Apr-16,423.62,423.66,420.52,422.75,"57,858,600","6,524,680,000",578.586
6-Apr-16,424.28,424.53,422.73,423.41,"59,091,000","6,533,260,000",590.91
5-Apr-16,421.02,424.26,420.61,424.03,"60,718,000","6,481,350,000",607.18
4-Apr-16,421.3,422.34,419.6,421.44,"50,634,300","6,483,910,000",506.343
3-Apr-16,421.17,421.58,419.7,420.9,"38,053,700","6,480,470,000",380.537
2-Apr-16,418.42,422.08,418.42,420.87,"45,681,200","6,436,700,000",456.812
1-Apr-16,416.76,418.17,415.83,417.96,"51,235,700","6,409,540,000",512.357
31-Mar-16,415.26,418.37,415.26,416.73,"60,215,200","6,385,140,000",602.152
30-Mar-16,416.83,416.83,412.5,414.82,"66,034,100","6,407,840,000",660.341
29-Mar-16,424.3,426.2,412.68,416.52,"75,411,500","6,521,010,000",754.115
28-Mar-16,426.55,426.86,423.29,424.23,"68,522,800","6,553,700,000",685.228
27-Mar-16,418.14,428.8,417.71,426.76,"71,229,400","6,423,040,000",712.294
26-Mar-16,417.37,418.99,416.26,417.94,"44,650,400","6,409,500,000",446.504
25-Mar-16,416.51,418.08,415.56,417.18,"52,560,000","6,394,850,000",525.6
24-Mar-16,418.42,418.68,415.49,416.39,"68,346,700","6,422,730,000",683.467
23-Mar-16,418.16,419.27,417.36,418.04,"61,444,200","6,417,130,000",614.442
22-Mar-16,413.13,418.38,412.53,418.09,"66,813,300","6,338,430,000",668.133
21-Mar-16,413.42,413.42,410.38,413.31,"61,655,400","6,341,380,000",616.554
20-Mar-16,410.4,414.63,410.4,413.75,"45,947,900","6,293,610,000",459.479
19-Mar-16,409.26,410.98,407.23,410.44,"58,423,000","6,274,790,000",584.23
18-Mar-16,420.55,420.55,406.14,409.55,"104,940,000","6,446,330,000",1049.4
17-Mar-16,417.89,421,417.89,420.62,"83,528,600","6,404,130,000",835.286
16-Mar-16,416.89,417.69,415.91,417.01,"65,185,800","6,387,190,000",651.858
15-Mar-16,416.39,418.13,414.99,416.83,"66,781,700","6,377,870,000",667.817
14-Mar-16,414.2,416.68,414.2,416.44,"95,259,400","6,342,780,000",952.594
13-Mar-16,411.65,416.6,411.64,414.06,"74,322,800","6,302,330,000",743.228
12-Mar-16,421.61,421.8,410.09,411.62,"92,712,900","6,453,260,000",927.129
11-Mar-16,417.24,423.93,417.01,421.69,"73,969,700","6,384,740,000",739.697
10-Mar-16,414.74,417.51,413.25,417.13,"81,022,900","6,344,960,000",810.229
9-Mar-16,413.89,416.03,411.61,414.86,"70,012,300","6,330,230,000",700.123
8-Mar-16,414.46,416.24,411.09,413.97,"70,311,700","6,337,370,000",703.117
7-Mar-16,407.76,415.92,406.31,414.32,"85,762,400","6,233,430,000",857.624
6-Mar-16,400.52,411.91,395.78,407.71,"91,212,500","6,121,400,000",912.125
5-Mar-16,410.78,411.26,394.04,400.57,"135,385,000","6,276,610,000",1353.85
4-Mar-16,421.84,425.18,410.94,410.94,"90,856,100","6,443,890,000",908.561
3-Mar-16,423.91,425.37,419.41,421.65,"100,484,000","6,474,150,000",1004.84
2-Mar-16,435.13,435.92,423.99,423.99,"74,955,300","6,643,810,000",749.553
1-Mar-16,437.92,439.65,432.32,435.12,"74,895,800","6,684,800,000",748.958
29-Feb-16,433.44,441.51,431.69,437.7,"60,694,700","6,614,980,000",606.947
28-Feb-16,432.57,435.68,423.82,433.5,"53,033,400","6,600,310,000",530.334
27-Feb-16,432.84,434.23,428.1,432.52,"41,893,600","6,602,810,000",418.936
26-Feb-16,424.63,432.15,421.62,432.15,"61,486,000","6,476,080,000",614.86
25-Feb-16,425.04,427.72,420.42,424.54,"70,798,000","6,480,650,000",707.98
24-Feb-16,420.96,425.55,413.91,424.95,"67,743,700","6,417,190,000",677.437
23-Feb-16,438.25,439.86,417.82,420.74,"85,244,900","6,679,400,000",852.449
22-Feb-16,438.99,439.05,432.92,437.75,"85,385,200","6,689,200,000",853.852
21-Feb-16,437.77,448.05,429.08,438.8,"89,820,700","6,669,260,000",898.207
20-Feb-16,421.6,441.98,421.6,437.16,"93,992,100","6,421,310,000",939.921
19-Feb-16,422.73,423.1,417.6,420.79,"55,711,300","6,436,980,000",557.113
18-Feb-16,416.57,426,415.64,422.37,"76,752,600","6,341,430,000",767.526
17-Feb-16,407.66,421.17,406.78,416.32,"83,193,600","6,204,150,000",831.936
16-Feb-16,401.43,408.94,401.43,407.49,"73,093,100","6,108,040,000",730.931
15-Feb-16,407.57,410.38,397.75,400.19,"74,070,500","6,199,850,000",740.705
14-Feb-16,392.93,407.23,392.93,407.23,"74,469,800","5,975,580,000",744.698
13-Feb-16,384.64,391.86,384.64,391.86,"61,911,700","5,847,990,000",619.117
12-Feb-16,379.69,384.95,379.6,384.26,"67,042,800","5,771,040,000",670.428
11-Feb-16,382.11,383.13,376.4,379.65,"74,375,600","5,806,110,000",743.756
10-Feb-16,376.15,385.48,375.78,381.65,"85,130,900","5,713,880,000",851.309
9-Feb-16,373.42,377.25,372.9,376.03,"55,318,500","5,670,880,000",553.185
8-Feb-16,376.76,379.88,373.33,373.45,"47,671,100","5,720,100,000",476.711
7-Feb-16,376.51,380.87,374.9,376.62,"37,076,300","5,714,760,000",370.763
6-Feb-16,386.59,386.63,372.39,376.52,"49,249,300","5,865,740,000",492.493
5-Feb-16,388.9,391.09,385.57,386.55,"43,825,000","5,898,960,000",438.25
4-Feb-16,370.17,391.61,369.99,389.59,"69,285,500","5,613,380,000",692.855
3-Feb-16,374.65,374.95,368.05,369.95,"45,933,400","5,679,530,000",459.334
2-Feb-16,372.92,375.88,372.92,374.45,"40,378,700","5,651,690,000",403.787
1-Feb-16,369.35,378.07,367.96,373.06,"51,656,700","5,596,090,000",516.567
31-Jan-16,378.29,380.35,367.83,368.77,"37,894,300","5,729,870,000",378.943
30-Jan-16,378.87,380.92,376.49,378.25,"30,284,400","5,736,760,000",302.844
29-Jan-16,380.11,384.38,365.45,379.47,"86,125,300","5,753,970,000",861.253
28-Jan-16,395.15,395.5,379.74,380.29,"59,247,900","5,980,180,000",592.479
27-Jan-16,392.44,396.84,391.78,394.97,"47,424,400","5,937,780,000",474.244
26-Jan-16,392,397.77,390.57,392.15,"58,147,000","5,929,520,000",581.47
25-Jan-16,402.32,402.32,388.55,391.73,"59,062,400","6,083,900,000",590.624
24-Jan-16,388.1,405.49,387.51,402.97,"54,824,800","5,867,300,000",548.248
23-Jan-16,382.43,394.54,381.98,387.49,"56,247,400","5,779,890,000",562.474
22-Jan-16,409.75,410.41,375.28,382.49,"91,546,600","6,190,940,000",915.466
21-Jan-16,419.63,422.88,406.3,410.26,"68,338,000","6,338,800,000",683.38
20-Jan-16,379.74,425.27,376.6,420.23,"121,720,000","5,734,760,000",1217.2
19-Jan-16,387.03,387.73,378.97,380.15,"46,819,800","5,843,510,000",468.198
18-Jan-16,381.73,388.1,376.67,387.17,"54,403,900","5,761,940,000",544.039
17-Jan-16,387.15,390.96,380.09,382.3,"45,319,600","5,842,270,000",453.196
16-Jan-16,365.07,390.56,354.91,387.54,"120,352,000","5,507,790,000",1203.52
15-Jan-16,430.25,430.25,364.33,364.33,"153,351,000","6,489,870,000",1533.51
14-Jan-16,432.29,433.32,427.85,430.31,"43,945,500","6,519,110,000",439.455
13-Jan-16,434.67,435.19,424.44,432.37,"173,888,000","6,553,350,000",1738.88
12-Jan-16,448.18,448.18,435.69,435.69,"115,607,000","6,755,220,000",1156.07
11-Jan-16,448.7,450.66,443.86,448.43,"40,450,000","6,761,090,000",404.5
10-Jan-16,448.24,448.31,440.35,447.99,"35,995,900","6,752,210,000",359.959
9-Jan-16,453.38,454.64,446.89,447.61,"32,278,000","6,828,000,000",322.78
8-Jan-16,457.54,462.93,447.94,453.23,"56,993,000","6,888,600,000",569.93
7-Jan-16,430.01,458.77,429.08,458.05,"87,562,200","6,472,580,000",875.622
6-Jan-16,431.86,431.86,426.34,429.11,"34,042,500","6,498,830,000",340.425
5-Jan-16,433.07,434.18,429.68,431.96,"34,522,600","6,515,380,000",345.226
4-Jan-16,430.06,434.52,429.08,433.09,"38,477,500","6,468,180,000",384.775
3-Jan-16,433.58,433.74,424.71,430.01,"39,633,800","6,519,500,000",396.338
2-Jan-16,434.62,436.06,431.87,433.44,"30,096,600","6,533,630,000",300.966
1-Jan-16,430.72,436.25,427.51,434.33,"36,278,900","6,473,530,000",362.789
