1/1/2016 0:00,0.028613054,0.602080787
1/2/2016 0:00,0.051010101,0.659150979
1/3/2016 0:00,0.02056568,0.230868304
1/4/2016 0:00,0.018166739,0.489085782
1/5/2016 0:00,0.020719009,0.464861459
1/6/2016 0:00,0.03077148,1.027125183
1/7/2016 0:00,0.016761322,0.457244381
1/8/2016 0:00,0.025119241,0.799679189
1/9/2016 0:00,-0.021514869,-0.444458869
1/10/2016 0:00,0.012014519,0.128331078
1/11/2016 0:00,-0.005286294,-0.174843161
1/12/2016 0:00,-0.019568651,-0.593974434
1/13/2016 0:00,0.029689233,0.842469483
1/14/2016 0:00,0.019454808,0.586975555
1/15/2016 0:00,0.004019329,0.133015059
1/16/2016 0:00,0.02929047,0.424001738
1/17/2016 0:00,0.04237327,0.404492451
1/18/2016 0:00,0.032801045,1.133370199
1/19/2016 0:00,0.031649928,0.955289133
1/20/2016 0:00,0.011469532,0.373081204
1/21/2016 0:00,0.010563083,0.35252398
1/22/2016 0:00,0.016151762,0.438566451
1/23/2016 0:00,0.008702409,0.148313437
1/24/2016 0:00,0.024509981,0.35647698
1/25/2016 0:00,0.034348308,1.056155815
1/26/2016 0:00,0.047781385,1.007449479
1/27/2016 0:00,0.057898257,2.107357447
1/28/2016 0:00,0.013542431,0.418509958
1/29/2016 0:00,0.034334562,1.043094393
1/30/2016 0:00,0.025003367,0.312621012
1/31/2016 0:00,0.058084786,1.103257221
2/1/2016 0:00,0.026993943,0.84192637
2/2/2016 0:00,0.014695942,0.4652328
2/3/2016 0:00,0.003311352,0.107813969
2/4/2016 0:00,0.008550189,0.220398621
2/5/2016 0:00,0.0179451,0.486831601
2/6/2016 0:00,0.019925494,0.261980156
2/7/2016 0:00,0.062197929,0.935796108
2/8/2016 0:00,0.003414899,0.104667467
2/9/2016 0:00,0.041122906,1.137793085
2/10/2016 0:00,-0.003094998,-0.106664246
2/11/2016 0:00,0.013954322,0.363496351
2/12/2016 0:00,0.031261849,1.076718464
2/13/2016 0:00,0.01134068,0.115873966
2/14/2016 0:00,0.015565539,0.222082115
2/15/2016 0:00,0.030412062,0.879492793
2/16/2016 0:00,0.027368098,0.761621147
2/17/2016 0:00,0.033769556,1.270218355
2/18/2016 0:00,0.013737507,0.343328838
2/19/2016 0:00,0.02148411,0.747716223
2/20/2016 0:00,0.040212458,0.586354502
2/21/2016 0:00,0.034672815,0.449196827
2/22/2016 0:00,0.034704568,0.992033455
2/23/2016 0:00,-0.006121772,-0.161860479
2/24/2016 0:00,0.05343549,1.964449972
2/25/2016 0:00,0.004199371,0.16155149
2/26/2016 0:00,0.021220052,0.618374749
2/27/2016 0:00,0.041637095,0.886700834
2/28/2016 0:00,0.025704225,0.327300469
2/29/2016 0:00,0.052934221,1.755325414
3/1/2016 0:00,0.018079436,0.651474202
3/2/2016 0:00,0.02015378,0.64636102
3/3/2016 0:00,-0.009733328,-0.31429892
3/4/2016 0:00,0.025200918,0.865756079
3/5/2016 0:00,-0.018414141,-0.200658341
3/6/2016 0:00,0.032775673,0.489176926
3/7/2016 0:00,-0.030343012,-1.04094884
3/8/2016 0:00,0.034191181,1.074501891
3/9/2016 0:00,0.03213124,1.064209959
3/10/2016 0:00,0.024609255,0.676101097
3/11/2016 0:00,0.047326448,1.522305741
3/12/2016 0:00,0.045677362,0.607924161
3/13/2016 0:00,-0.00474667,-0.071258276
3/14/2016 0:00,-0.013066788,-0.380215799
3/15/2016 0:00,0.025931846,0.772537755
3/16/2016 0:00,0.016486511,0.511412834
3/17/2016 0:00,0.025842148,0.790603318
3/18/2016 0:00,0.017650948,0.490232562
3/19/2016 0:00,0.076876188,1.228479823
3/20/2016 0:00,0.061384788,1.130679219
3/21/2016 0:00,0.031837562,1.175852693
3/22/2016 0:00,0.041507427,1.713962948
3/23/2016 0:00,0.036026398,1.235543504
3/24/2016 0:00,-0.011312766,-0.326192266
3/25/2016 0:00,0.019452915,0.218650767
3/26/2016 0:00,0.014055736,0.163472468
3/27/2016 0:00,0.078475379,0.933048473
3/28/2016 0:00,0.053686657,1.045927911
3/29/2016 0:00,0.00439432,0.135694262
3/30/2016 0:00,-0.001249419,-0.03708643
3/31/2016 0:00,0.016125648,0.425929453
4/1/2016 0:00,0.027922912,0.914180728
4/2/2016 0:00,0.025351413,0.300534969
4/3/2016 0:00,0.033439554,0.399087569
4/4/2016 0:00,0.0249638,0.780612348
4/5/2016 0:00,0.002843958,0.08081641
4/6/2016 0:00,0.010936471,0.313192097
4/7/2016 0:00,0.020819487,0.719229962
4/8/2016 0:00,0.028287597,0.968949177
4/9/2016 0:00,0.048723236,0.593706343
4/10/2016 0:00,0.030336257,0.37433103
4/11/2016 0:00,-0.007121115,-0.24652887
4/12/2016 0:00,-0.0157924,-0.498202493
4/13/2016 0:00,0.014760674,0.358274062
4/14/2016 0:00,0.019399574,0.556156703
4/15/2016 0:00,-0.009961396,-0.339905708
4/16/2016 0:00,0.028604811,0.418299963
4/17/2016 0:00,0.069014155,1.086833514
4/18/2016 0:00,0.010117984,0.325813699
4/19/2016 0:00,0.021006289,0.650882881
4/20/2016 0:00,0.015745819,0.454651031
4/21/2016 0:00,0.019274174,0.607480547
4/22/2016 0:00,0.035174384,1.043004481
4/23/2016 0:00,0.027795168,0.39896133
4/24/2016 0:00,0.001975451,0.029238167
4/25/2016 0:00,0.034127959,0.664448711
4/26/2016 0:00,-0.009866795,-0.345724489
4/27/2016 0:00,0.000497038,0.017848592
4/28/2016 0:00,0.030249965,1.085174599
4/29/2016 0:00,0.020799582,0.646391194
4/30/2016 0:00,-0.004095863,-0.04382115
5/1/2016 0:00,0.038397902,0.354806584
5/2/2016 0:00,0.023577201,0.734871756
5/3/2016 0:00,0.017052244,0.486145417
5/4/2016 0:00,-0.006653006,-0.218229056
5/5/2016 0:00,0.019743927,0.659632636
5/6/2016 0:00,0.046690323,1.852326546
5/7/2016 0:00,-0.002943962,-0.04230328
5/8/2016 0:00,0.049393939,0.594785354
5/9/2016 0:00,0.041620225,1.375339901
5/10/2016 0:00,0.027601881,0.797807274
5/11/2016 0:00,0.018458054,0.57940159
5/12/2016 0:00,0.013084047,0.308120052
5/13/2016 0:00,0.011740896,0.334937003
5/14/2016 0:00,0.033215839,0.404419615
5/15/2016 0:00,0.080393994,1.491085266
5/16/2016 0:00,0.04122472,1.196939086
5/17/2016 0:00,0.039638382,1.230716001
5/18/2016 0:00,0.027462998,0.934976197
5/19/2016 0:00,0.022602355,0.823011673
5/20/2016 0:00,0.028640545,0.84115461
5/21/2016 0:00,0.080883488,0.953526449
5/22/2016 0:00,0.038273036,0.650952278
5/23/2016 0:00,0.021892467,0.614786424
5/24/2016 0:00,0.001190894,0.039817249
5/25/2016 0:00,0.009043206,0.267189015
5/26/2016 0:00,0.001446748,0.049242323
5/27/2016 0:00,-0.007695775,-0.25856503
5/28/2016 0:00,0.01368771,0.182406831
5/29/2016 0:00,0.044357464,0.580421891
5/30/2016 0:00,0.035195014,1.168417575
5/31/2016 0:00,0.028762059,0.773537413
6/1/2016 0:00,0.013201442,0.354586735
6/2/2016 0:00,-0.009466149,-0.228564973
6/3/2016 0:00,0.014709997,0.42304143
6/4/2016 0:00,0.051321017,0.917464645
6/5/2016 0:00,0.026521815,0.416515399
6/6/2016 0:00,0.021014364,0.568133804
6/7/2016 0:00,0.027508961,0.811251751
6/8/2016 0:00,0.02267048,0.467842234
6/9/2016 0:00,0.025188429,0.643902112
6/10/2016 0:00,0.018630083,0.640445265
6/11/2016 0:00,0.000292653,0.003639489
6/12/2016 0:00,-0.019014727,-0.225928158
6/13/2016 0:00,0.024467607,0.583608747
6/14/2016 0:00,-0.001408287,-0.046547043
6/15/2016 0:00,-0.017076903,-0.593753075
6/16/2016 0:00,0.011848116,0.325635239
6/17/2016 0:00,-0.010688448,-0.29155885
6/18/2016 0:00,0.038869595,0.514783193
6/19/2016 0:00,0.035540852,0.52122005
6/20/2016 0:00,0.004180936,0.140695958
6/21/2016 0:00,0.016686193,0.549985781
6/22/2016 0:00,-0.009720132,-0.327236643
6/23/2016 0:00,0.002585772,0.078536149
6/24/2016 0:00,0.010976112,0.33384539
6/25/2016 0:00,0.024964805,0.42644831
6/26/2016 0:00,0.053033571,0.751876757
6/27/2016 0:00,0.007014509,0.220974755
6/28/2016 0:00,0.017149718,0.394409374
6/29/2016 0:00,-0.007696653,-0.205609957
6/30/2016 0:00,0.007800345,0.216666412
7/1/2016 0:00,-0.014388929,-0.41408192
7/2/2016 0:00,0.0179349,0.367476013
7/3/2016 0:00,0.020728866,0.298561103
7/4/2016 0:00,0.02458674,0.789546641
7/5/2016 0:00,0.051874965,1.747476319
7/6/2016 0:00,0.013595705,0.411433901
7/7/2016 0:00,0.023838246,0.92209577
7/8/2016 0:00,0.021059043,0.707577229
7/9/2016 0:00,0.006810674,0.090253818
7/10/2016 0:00,0.031291291,0.390437087
7/11/2016 0:00,0.039763107,1.195595445
7/12/2016 0:00,0.014991656,0.540715186
7/13/2016 0:00,0.023539495,0.783687367
7/14/2016 0:00,0.022522023,0.633735022
7/15/2016 0:00,0.080266955,2.969923675
7/16/2016 0:00,0.106356221,1.76846377
7/17/2016 0:00,0.02945677,0.469092688
7/18/2016 0:00,0.024972379,0.542022692
7/19/2016 0:00,0.000482744,0.01443873
7/20/2016 0:00,0.00126097,0.037869296
7/21/2016 0:00,0.016861223,0.429573504
7/22/2016 0:00,0.011156634,0.400513015
7/23/2016 0:00,0.063775412,1.080389306
7/24/2016 0:00,0.053209345,0.606501267
7/25/2016 0:00,0.062119277,1.92794438
7/26/2016 0:00,0.000349516,0.010671407
7/27/2016 0:00,0.024687176,0.758042018
7/28/2016 0:00,0.025855196,0.753847229
7/29/2016 0:00,0.016273595,0.388376794
7/30/2016 0:00,0.004347799,0.044730068
7/31/2016 0:00,0.043132272,0.862977647
8/1/2016 0:00,0.0020782,0.064009956
8/2/2016 0:00,-0.001105777,-0.03177412
8/3/2016 0:00,-0.002996272,-0.092581419
8/4/2016 0:00,0.026737461,0.907073102
8/5/2016 0:00,0.008350002,0.258381244
8/6/2016 0:00,0.030198603,0.334078033
8/7/2016 0:00,0.009280303,0.131709998
8/8/2016 0:00,0.023342225,0.70228801
8/9/2016 0:00,0.02907659,0.797841921
8/10/2016 0:00,-0.009608378,-0.28370795
8/11/2016 0:00,0.006637915,0.205266375
8/12/2016 0:00,0.017002468,0.588855529
8/13/2016 0:00,0.049763135,0.661282046
8/14/2016 0:00,0.015310686,0.304734244
8/15/2016 0:00,0.02844312,1.051867862
8/16/2016 0:00,0.007552656,0.254635236
8/17/2016 0:00,0.009209491,0.37392579
8/18/2016 0:00,0.003254763,0.158777813
8/19/2016 0:00,0.002902838,0.098231469
8/20/2016 0:00,0.03036151,0.615318932
8/21/2016 0:00,0.097457917,1.328506546
8/22/2016 0:00,0.026459139,1.005024347
8/23/2016 0:00,0.000948388,0.020921923
8/24/2016 0:00,0.026551173,0.920440011
8/25/2016 0:00,0.019438442,0.739304263
8/26/2016 0:00,0.01051962,0.436917332
8/27/2016 0:00,0.060046407,1.177901152
8/28/2016 0:00,0.010131633,0.170824301
8/29/2016 0:00,0.017344771,0.607066993
8/30/2016 0:00,0.030788264,0.913963209
8/31/2016 0:00,0.016811314,0.629172967
9/1/2016 0:00,0.008631676,0.288205334
9/2/2016 0:00,0.022590816,0.72764659
9/3/2016 0:00,0.048133971,0.77419117
9/4/2016 0:00,0.024812734,0.417198554
9/5/2016 0:00,0.031648771,1.518435301
9/6/2016 0:00,0.015254345,0.554460205
9/7/2016 0:00,0.056933502,2.536696609
9/8/2016 0:00,0.02928102,1.179696365
9/9/2016 0:00,0.019516404,0.687237175
9/10/2016 0:00,0.031609317,0.401450305
9/11/2016 0:00,0.088743434,1.161826353
9/12/2016 0:00,0.028352381,1.03822898
9/13/2016 0:00,0.057154244,2.341906482
9/14/2016 0:00,0.009801767,0.274521959
9/15/2016 0:00,0.044267464,1.751892878
9/16/2016 0:00,0.01843607,0.602704842
9/17/2016 0:00,0.023749119,0.313320449
9/18/2016 0:00,-0.018422471,-0.330308186
9/19/2016 0:00,0.023273667,0.766677566
9/20/2016 0:00,0.025359848,0.790654115
9/21/2016 0:00,-0.007366377,-0.226555167
9/22/2016 0:00,0.002450778,0.106024247
9/23/2016 0:00,0.022519377,0.827048571
9/24/2016 0:00,0.056911028,0.900391174
9/25/2016 0:00,0.031307169,0.360769268
9/26/2016 0:00,0.015878243,0.500169512
9/27/2016 0:00,0.028714808,1.066127149
9/28/2016 0:00,0.037393734,1.569547216
9/29/2016 0:00,0.038431892,1.639105625
9/30/2016 0:00,0.026228377,1.16073242
10/1/2016 0:00,0.010115539,0.172939443
10/2/2016 0:00,0.119063772,2.179588627
10/3/2016 0:00,0.030474805,0.736129794
10/4/2016 0:00,0.006681127,0.203873918
10/5/2016 0:00,0.018657454,0.58986859
10/6/2016 0:00,0.014264358,0.596007205
10/7/2016 0:00,0.013406219,0.514398638
10/8/2016 0:00,-0.022105453,-0.497519026
10/9/2016 0:00,-0.011694986,-0.151138788
10/10/2016 0:00,0.009791104,0.363940757
10/11/2016 0:00,0.025661751,0.9643514
10/12/2016 0:00,-0.013288288,-0.578681408
10/13/2016 0:00,0.012480424,0.545921836
10/14/2016 0:00,0.010341858,0.330709971
10/15/2016 0:00,0.015419175,0.170522618
10/16/2016 0:00,0.036043521,0.513188997
10/17/2016 0:00,0.014999514,0.46905987
10/18/2016 0:00,0.011699961,0.505190695
10/19/2016 0:00,0.006306688,0.222269438
10/20/2016 0:00,0.022822527,0.909469394
10/21/2016 0:00,0.034622937,1.266046259
10/22/2016 0:00,0.021347737,0.321639232
10/23/2016 0:00,0.023060766,0.255367706
10/24/2016 0:00,0.014138967,0.269486572
10/25/2016 0:00,-0.014074895,-0.441481838
10/26/2016 0:00,0.033037806,0.856526746
10/27/2016 0:00,0.022409239,0.680519936
10/28/2016 0:00,0.019337662,0.57467284
10/29/2016 0:00,0.040632832,0.343347431
10/30/2016 0:00,-0.034720392,-0.331755102
10/31/2016 0:00,0.010980621,0.238587114
11/1/2016 0:00,0.026827635,0.797173022
11/2/2016 0:00,0.032434144,1.240161964
11/3/2016 0:00,0.010208354,0.410443994
11/4/2016 0:00,0.005269227,0.154885391
11/5/2016 0:00,0.052060731,0.554736009
11/6/2016 0:00,0.017887205,0.281913198
11/7/2016 0:00,-0.001412531,-0.048381003
11/8/2016 0:00,0.036380143,1.551613106
11/9/2016 0:00,0.024349381,0.946518578
11/10/2016 0:00,0.051876873,2.417828411
11/11/2016 0:00,0.012624191,0.43131278
11/12/2016 0:00,0.001787364,0.014310906
11/13/2016 0:00,0.002339854,0.020454226
11/14/2016 0:00,0.024013531,0.561755519
11/15/2016 0:00,0.013809933,0.425390572
11/16/2016 0:00,0.007377245,0.237427678
11/17/2016 0:00,0.013718691,0.509607616
11/18/2016 0:00,0.028930423,0.673364354
11/19/2016 0:00,-0.007623462,-0.099774122
11/20/2016 0:00,0.015804473,0.214893515
11/21/2016 0:00,0.020871491,0.608262177
11/22/2016 0:00,-0.001016855,-0.028813127
11/23/2016 0:00,-0.013737182,-0.393990391
11/24/2016 0:00,0.034718079,0.879809988
11/25/2016 0:00,0.013544617,0.367986289
11/26/2016 0:00,0.024320364,0.282598332
11/27/2016 0:00,0.047773893,0.577665987
11/28/2016 0:00,0.024308457,0.791746096
11/29/2016 0:00,0.025117232,0.646030985
11/30/2016 0:00,0.037332702,1.263129347
12/1/2016 0:00,0.044269188,1.566678326
12/2/2016 0:00,0.032581263,1.151133387
12/3/2016 0:00,-0.010297277,-0.067696532
12/4/2016 0:00,0.033160025,0.495596669
12/5/2016 0:00,0.008947089,0.280242377
12/6/2016 0:00,-0.00349283,-0.106067805
12/7/2016 0:00,-0.003859233,-0.138256436
12/8/2016 0:00,0.030064753,0.889591309
12/9/2016 0:00,0.009109102,0.414526468
12/10/2016 0:00,0.020023998,0.215453015
12/11/2016 0:00,0.007140369,0.048507629
12/12/2016 0:00,0.008556158,0.187150595
12/13/2016 0:00,0.040288032,1.10386969
12/14/2016 0:00,0.001797775,0.056433962
12/15/2016 0:00,0.038268523,1.366976855
12/16/2016 0:00,0.031781604,0.858234927
12/17/2016 0:00,0.066321754,1.106300452
12/18/2016 0:00,0.043469553,0.688477738
12/19/2016 0:00,0.05450221,1.789325845
12/20/2016 0:00,0.010909937,0.354235748
12/21/2016 0:00,-0.011898684,-0.3913408
12/22/2016 0:00,0.032932701,1.058699855
12/23/2016 0:00,0.021454223,0.454211114
12/24/2016 0:00,0.017961228,0.217501921
12/25/2016 0:00,-0.009673631,-0.118745744
12/26/2016 0:00,0.000859951,0.007803403
12/27/2016 0:00,-0.004094216,-0.05415986
12/28/2016 0:00,0.050113462,0.873642876
12/29/2016 0:00,0.046326686,0.984686741
12/30/2016 0:00,0.016209663,0.315113334
12/31/2016 0:00,0.042182387,0.644389226
1/1/2017 0:00,0.021141452,0.428526818
1/2/2017 0:00,0.019158692,0.270993895
1/3/2017 0:00,0.053166191,1.273939224
1/4/2017 0:00,0.01847055,0.492386086
1/5/2017 0:00,0.007342401,0.177510162
1/6/2017 0:00,0.000644322,0.013416551
1/7/2017 0:00,0.046278538,0.737759718
1/8/2017 0:00,0.026874679,0.294257375
1/9/2017 0:00,0.0227258,0.493907997
1/10/2017 0:00,0.05741323,1.244659856
1/11/2017 0:00,0.048424108,1.256766899
1/12/2017 0:00,-0.016342103,-0.503676001
1/13/2017 0:00,0.017598792,0.355703079
1/14/2017 0:00,0.039187874,0.355562103
1/15/2017 0:00,0.033195889,0.373769506
1/16/2017 0:00,0.030848986,0.688632716
1/17/2017 0:00,0.007057699,0.233123864
1/18/2017 0:00,0.01195924,0.357018159
1/19/2017 0:00,0.022835384,0.576009391
1/20/2017 0:00,0.013560158,0.396788708
1/21/2017 0:00,0.054680736,1.034238186
1/22/2017 0:00,-0.003586187,-0.037797785
1/23/2017 0:00,0.014301288,0.305287707
1/24/2017 0:00,0.019401733,0.652020237
1/25/2017 0:00,0.022525404,0.676367909
1/26/2017 0:00,0.075924619,1.420234088
1/27/2017 0:00,0.030487722,0.887281799
1/28/2017 0:00,0.010426612,0.138913913
1/29/2017 0:00,-0.013855478,-0.200100091
1/30/2017 0:00,0.028889387,0.878970551
1/31/2017 0:00,0.011865059,0.366557043
2/1/2017 0:00,0.025712289,0.548960095
2/2/2017 0:00,0.001830827,0.075934826
2/3/2017 0:00,-0.002005946,-0.057342392
2/4/2017 0:00,0.020628987,0.221214632
2/5/2017 0:00,0.021652933,0.24439381
2/6/2017 0:00,0.056864612,1.875931006
2/7/2017 0:00,0.004689053,0.148389631
2/8/2017 0:00,0.008136818,0.292506523
2/9/2017 0:00,0.004610341,0.14942099
2/10/2017 0:00,0.005368423,0.196488917
2/11/2017 0:00,0.001923077,0.025824592
2/12/2017 0:00,0.042687879,0.722747829
2/13/2017 0:00,0.018211397,0.385517277
2/14/2017 0:00,0.017042069,0.534989269
2/15/2017 0:00,0.019705691,0.720952646
2/16/2017 0:00,0.014937969,0.463034907
2/17/2017 0:00,0.034480858,1.103043528
2/18/2017 0:00,0.021948653,0.297221345
2/19/2017 0:00,0.054972944,0.897141783
2/20/2017 0:00,-0.006202652,-0.122596347
2/21/2017 0:00,0.038512089,0.817248905
2/22/2017 0:00,-0.004512271,-0.102098254
2/23/2017 0:00,0.014489886,0.466785913
2/24/2017 0:00,0.013982219,0.368316496
2/25/2017 0:00,0.019981061,0.257846505
2/26/2017 0:00,0.084267677,0.968211894
2/27/2017 0:00,0.028855219,0.475844419
2/28/2017 0:00,0.023932723,0.709321201
3/1/2017 0:00,0.004696642,0.124354518
3/2/2017 0:00,0.035234693,1.070722719
3/3/2017 0:00,0.01191465,0.300626843
3/4/2017 0:00,0.010759433,0.147300164
3/5/2017 0:00,0.067711039,0.752124548
3/6/2017 0:00,0.032622231,0.884700186
3/7/2017 0:00,0.006600158,0.153275827
3/8/2017 0:00,0.004864257,0.161570129
3/9/2017 0:00,0.03869651,1.195781106
3/10/2017 0:00,0.032244203,0.935605094
3/11/2017 0:00,0.045329961,0.798346951
3/12/2017 0:00,0.025240106,0.379226219
3/13/2017 0:00,-0.012430556,-0.382270256
3/14/2017 0:00,-0.002780386,-0.084995796
3/15/2017 0:00,0.00478503,0.112664632
3/16/2017 0:00,0.041355286,1.188837524
3/17/2017 0:00,0.039454997,1.219161538
3/18/2017 0:00,0.010783422,0.190488885
3/19/2017 0:00,0.06644768,0.959992788
3/20/2017 0:00,0.054855369,2.166319862
3/21/2017 0:00,0.043247287,1.1759928
3/22/2017 0:00,0.0228412,0.660705432
3/23/2017 0:00,0.008050981,0.295918413
3/24/2017 0:00,0.012814341,0.476886886
3/25/2017 0:00,0.024496489,0.455916163
3/26/2017 0:00,0.048389195,0.470010605
3/27/2017 0:00,0.012683111,0.336915845
3/28/2017 0:00,0.014247312,0.3934003
3/29/2017 0:00,0.006374112,0.200646629
3/30/2017 0:00,0.032414279,1.005010445
3/31/2017 0:00,0.008325263,0.294298186
4/1/2017 0:00,0.029005812,0.438786147
4/2/2017 0:00,0.056862374,0.757897902
4/3/2017 0:00,-0.007813148,-0.195731098
4/4/2017 0:00,0.015035761,0.302975517
4/5/2017 0:00,0.005287665,0.20717041
4/6/2017 0:00,0.044177682,1.321292029
4/7/2017 0:00,0.005569905,0.148568836
4/8/2017 0:00,0.009954338,0.134864688
4/9/2017 0:00,0.017565849,0.285665564
4/10/2017 0:00,0.052223895,1.494159183
4/11/2017 0:00,0.040937745,1.094181609
4/12/2017 0:00,0.04992312,1.289481834
4/13/2017 0:00,-0.010628946,-0.306092164
4/14/2017 0:00,0.011607246,0.140747195
4/15/2017 0:00,0.011976311,0.124703684
4/16/2017 0:00,0.035628608,0.251810196
4/17/2017 0:00,0.046155904,0.806966553
4/18/2017 0:00,0.016013913,0.276512959
4/19/2017 0:00,0.03513349,0.989132581
4/20/2017 0:00,-0.016326673,-0.462619952
4/21/2017 0:00,0.007619025,0.185145137
4/22/2017 0:00,0.024664556,0.223170633
4/23/2017 0:00,0.02209596,0.19772536
4/24/2017 0:00,0.035273791,0.678673074
4/25/2017 0:00,0.006304192,0.097942021
4/26/2017 0:00,-0.001636294,-0.045287406
4/27/2017 0:00,-0.026426627,-0.72174254
4/28/2017 0:00,0.002209467,0.070135062
4/29/2017 0:00,0.031270172,0.358072627
4/30/2017 0:00,0.052783994,0.765913078
5/1/2017 0:00,0.007513141,0.17493745
5/2/2017 0:00,-0.012416727,-0.353210292
5/3/2017 0:00,-0.005741863,-0.146296581
5/4/2017 0:00,-0.020410173,-0.573241876
5/5/2017 0:00,0.024654582,0.685134544
5/6/2017 0:00,0.009690657,0.139944827
5/7/2017 0:00,0.062294556,0.482594036
5/8/2017 0:00,0.03124167,0.646039297
5/9/2017 0:00,-0.005046811,-0.132653952
5/10/2017 0:00,0.001954906,0.038795209
5/11/2017 0:00,0.033780015,0.841370239
5/12/2017 0:00,0.001021995,0.020988119
5/13/2017 0:00,0.057838893,0.403958347
5/14/2017 0:00,0.072019362,1.164893693
5/15/2017 0:00,0.016898819,0.262080036
5/16/2017 0:00,0.002284629,0.042465903
5/17/2017 0:00,0.026302717,0.713607323
5/18/2017 0:00,0.008346195,0.177705248
5/19/2017 0:00,-0.014925602,-0.351662641
5/20/2017 0:00,0.044784105,0.41900603
5/21/2017 0:00,0.05454014,0.602878089
5/22/2017 0:00,0.035244248,0.810682283
5/23/2017 0:00,-0.003361198,-0.088740725
5/24/2017 0:00,-0.010180511,-0.249506287
5/25/2017 0:00,-0.001243644,-0.029288247
5/26/2017 0:00,0.02104359,0.737876204
5/27/2017 0:00,0.056683773,0.556488649
5/28/2017 0:00,0.03433667,0.361866637
5/29/2017 0:00,-0.024602217,-0.524036538
5/30/2017 0:00,-0.012981,-0.222570071
5/31/2017 0:00,0.007771571,0.185602383
6/1/2017 0:00,-0.015018182,-0.370203871
6/2/2017 0:00,0.037339932,0.937831984
6/3/2017 0:00,0.027208621,0.478883017
6/4/2017 0:00,0.020541781,0.167763069
6/5/2017 0:00,0.051750984,1.135036307
6/6/2017 0:00,0.017091919,0.435009881
6/7/2017 0:00,-0.000503809,-0.011315083
6/8/2017 0:00,0.011638107,0.283177318
6/9/2017 0:00,0.026991775,0.487656268
6/10/2017 0:00,0.051936027,0.466847175
6/11/2017 0:00,0.018419267,0.150675188
6/12/2017 0:00,-0.006836887,-0.11727679
6/13/2017 0:00,0.0130602,0.282628434
6/14/2017 0:00,0.032532141,0.737021754
6/15/2017 0:00,0.008653549,0.180709275
6/16/2017 0:00,0.015196179,0.364234386
6/17/2017 0:00,-0.02353367,-0.401029189
6/18/2017 0:00,0.042411616,0.528924262
6/19/2017 0:00,-0.007134615,-0.218096544
6/20/2017 0:00,0.002633083,0.057374937
6/21/2017 0:00,0.013825216,0.325385995
6/22/2017 0:00,-0.003942135,-0.131991508
6/23/2017 0:00,0.074556751,1.626068216
6/24/2017 0:00,0.03593008,0.437722736
6/25/2017 0:00,0.002112029,0.017994917
6/26/2017 0:00,0.026404557,0.563767287
6/27/2017 0:00,0.01318104,0.271312233
6/28/2017 0:00,-0.019275951,-0.443598339
6/29/2017 0:00,0.043182419,1.10517224
6/30/2017 0:00,-0.014656657,-0.391619643
7/1/2017 0:00,0.050849567,0.737087589
7/2/2017 0:00,0.000757576,0.006889348
7/3/2017 0:00,0.033295208,0.66102903
7/4/2017 0:00,0.020364781,0.3655041
7/5/2017 0:00,-0.004061846,-0.128929688
7/6/2017 0:00,-0.022725469,-0.584247049
7/7/2017 0:00,0.00063063,0.012329793
7/8/2017 0:00,0.054868126,0.451193345
7/9/2017 0:00,0.035338681,0.393303456
7/10/2017 0:00,0.030409018,0.649689716
7/11/2017 0:00,0.017662623,0.374073453
7/12/2017 0:00,0.004279661,0.135137184
7/13/2017 0:00,0.022153065,0.54254095
7/14/2017 0:00,-0.003007404,-0.059931916
7/15/2017 0:00,0.006513047,0.091666204
7/16/2017 0:00,0.033060259,0.600220213
7/17/2017 0:00,0.051082423,1.670932097
7/18/2017 0:00,0.017619566,0.452298647
7/19/2017 0:00,0.000103478,0.002560136
7/20/2017 0:00,0.016260229,0.493710545
7/21/2017 0:00,0.035254985,0.915895948
7/22/2017 0:00,0.0510183,0.714198223
7/23/2017 0:00,0.030338959,0.372422324
7/24/2017 0:00,0.014181727,0.352026266
7/25/2017 0:00,0.007987157,0.229972648
7/26/2017 0:00,0.01726363,0.564899545
7/27/2017 0:00,0.030529801,0.889536645
7/28/2017 0:00,0.000693101,0.018234863
7/29/2017 0:00,0.009417656,0.121839739
7/30/2017 0:00,0.023993559,0.225006262
7/31/2017 0:00,0.023581567,0.702750953
8/1/2017 0:00,0.031284998,1.041893914
8/2/2017 0:00,0.045742343,1.270038125
8/3/2017 0:00,0.013684599,0.378341941
8/4/2017 0:00,0.001234196,0.030110181
8/5/2017 0:00,0.001920439,0.02203437
8/6/2017 0:00,0.049912452,0.841537086
8/7/2017 0:00,0.007873574,0.170427517
8/8/2017 0:00,-0.009339623,-0.29168066
8/9/2017 0:00,0.001918182,0.050830808
8/10/2017 0:00,0.001144553,0.033853931
8/11/2017 0:00,0.013582554,0.324745191
8/12/2017 0:00,-0.019352092,-0.276198759
8/13/2017 0:00,0.041068376,0.393115622
8/14/2017 0:00,0.022999689,0.633725741
8/15/2017 0:00,0.020052512,0.561578697
8/16/2017 0:00,0.01729863,0.404372231
8/17/2017 0:00,0.005401341,0.122057758
8/18/2017 0:00,-0.008027216,-0.185512117
8/19/2017 0:00,0.011521739,0.144367391
8/20/2017 0:00,0.010456539,0.121517659
8/21/2017 0:00,0.022943723,0.601115402
8/22/2017 0:00,-0.000878993,-0.020103512
8/23/2017 0:00,0.018250554,0.347096
8/24/2017 0:00,0.049609585,1.566478491
8/25/2017 0:00,-0.019007962,-0.50984264
8/26/2017 0:00,0.008559735,0.102613069
8/27/2017 0:00,0.041757941,0.607672944
8/28/2017 0:00,0.004722918,0.091233719
8/29/2017 0:00,0.014168683,0.323524406
8/30/2017 0:00,-0.013154794,-0.252567385
8/31/2017 0:00,-0.016786662,-0.505164503
9/1/2017 0:00,0.003435232,0.089252318
9/2/2017 0:00,0.004179058,0.039359396
9/3/2017 0:00,0.022524541,0.271614114
9/4/2017 0:00,-0.021412511,-0.547053669
9/5/2017 0:00,-0.000933284,-0.022216298
9/6/2017 0:00,0.018536105,0.516358448
9/7/2017 0:00,0.035005126,1.017313282
9/8/2017 0:00,-0.004406743,-0.114747817
9/9/2017 0:00,0.035951949,0.489035025
9/10/2017 0:00,0.030505051,0.249670743
9/11/2017 0:00,0.008186542,0.208067986
9/12/2017 0:00,0.045348654,1.347101231
9/13/2017 0:00,0.019759389,0.491949978
9/14/2017 0:00,0.008403903,0.238751224
9/15/2017 0:00,0.046278584,1.273634559
9/16/2017 0:00,0.017855383,0.31172523
9/17/2017 0:00,-0.007310606,-0.052561596
9/18/2017 0:00,0.038340381,0.9740364
9/19/2017 0:00,0.006969855,0.13262764
9/20/2017 0:00,0.003351914,0.091120337
9/21/2017 0:00,0.010342143,0.258354573
9/22/2017 0:00,0.036510649,0.992957351
9/23/2017 0:00,0.038851327,0.727890021
9/24/2017 0:00,0.017111936,0.195745543
9/25/2017 0:00,0.042916336,1.129273878
9/26/2017 0:00,0.012265418,0.293797164
9/27/2017 0:00,0.008053301,0.212920559
9/28/2017 0:00,0.022447994,0.725610837
9/29/2017 0:00,0.004687436,0.138533506
9/30/2017 0:00,0.04549046,1.017004716
